Attacker,Defender,AttackType,TotalAttacks,Hits,Misses,Dodges,Criticals,HitRate,DodgeRate,CritRate,TotalDamage,AvgDmgPerAttack,AvgDmgPerHit,TotalKills,BattlesSampled
Archer,Archer,Regular,1,1,0,0,0,1.000,0.000,0.000,12,12.00,12.00,1,1
Archer,Assassin,Regular,3,3,0,0,0,1.000,0.000,0.000,33,11.00,11.00,0,1
Archer,Battle Mage,Regular,4,3,0,0,1,1.000,0.000,0.250,25,6.25,6.25,0,1
Archer,Battle Mage,Counterattack,1,0,1,0,0,0.000,0.000,0.000,0,0.00,0.00,0,1
Archer,Cleric,Regular,13,10,0,0,3,1.000,0.000,0.231,103,7.92,7.92,2,1
Archer,Cleric,Counterattack,13,6,3,0,4,0.769,0.000,0.308,12,0.92,1.20,1,1
Archer,Crossbowman,Regular,5,3,0,0,2,1.000,0.000,0.400,41,8.20,8.20,0,2
Archer,Crossbowman,Counterattack,6,4,1,0,1,0.833,0.000,0.167,5,0.83,1.00,0,3
Archer,Fighter,Regular,2,1,0,0,1,1.000,0.000,0.500,7,3.50,3.50,0,2
Archer,Fighter,Counterattack,5,2,0,1,2,0.800,0.200,0.400,4,0.80,1.00,0,4
Archer,Goblin Raider,Regular,8,4,0,1,3,0.875,0.125,0.375,108,13.50,15.43,3,2
Archer,Goblin Raider,Counterattack,10,7,1,2,0,0.700,0.200,0.000,21,2.10,3.00,0,4
Archer,Knight,Regular,6,3,0,1,2,0.833,0.167,0.333,5,0.83,1.00,0,1
Archer,Knight,Counterattack,3,2,0,0,1,1.000,0.000,0.333,3,1.00,1.00,0,1
Archer,Mage,Regular,1,0,0,0,1,1.000,0.000,1.000,14,14.00,14.00,0,1
Archer,Mage,Counterattack,2,1,0,0,1,1.000,0.000,0.500,2,1.00,1.00,0,1
Archer,Marksman,Regular,9,4,0,0,5,1.000,0.000,0.556,148,16.44,16.44,4,2
Archer,Marksman,Counterattack,7,5,1,0,1,0.857,0.000,0.143,22,3.14,3.67,0,3
Archer,Ogre,Regular,33,27,0,1,5,0.970,0.030,0.152,32,0.97,1.00,0,1
Archer,Ogre,Counterattack,33,17,7,0,9,0.788,0.000,0.273,26,0.79,1.00,3,1
Archer,Orc Warrior,Regular,4,3,0,0,1,1.000,0.000,0.250,5,1.25,1.25,0,2
Archer,Orc Warrior,Counterattack,5,5,0,0,0,1.000,0.000,0.000,5,1.00,1.00,0,2
Archer,Paladin,Regular,8,6,0,0,2,1.000,0.000,0.250,10,1.25,1.25,0,3
Archer,Paladin,Counterattack,4,1,2,0,1,0.500,0.000,0.250,2,0.50,1.00,0,1
Archer,Priest,Regular,3,3,0,0,0,1.000,0.000,0.000,22,7.33,7.33,0,1
Archer,Ranger,Regular,21,16,0,4,1,0.810,0.190,0.048,110,5.24,6.47,4,1
Archer,Ranger,Counterattack,21,10,6,3,2,0.571,0.143,0.095,14,0.67,1.17,0,1
Archer,Rogue,Regular,12,11,0,1,0,0.917,0.083,0.000,99,8.25,9.00,3,1
Archer,Rogue,Counterattack,9,5,1,1,2,0.778,0.111,0.222,13,1.44,1.86,0,1
Archer,Scout,Regular,6,4,0,2,0,0.667,0.333,0.000,37,6.17,9.25,0,1
Archer,Scout,Counterattack,6,4,0,2,0,0.667,0.333,0.000,4,0.67,1.00,0,1
Archer,Skeleton Archer,Regular,3,3,0,0,0,1.000,0.000,0.000,42,14.00,14.00,0,1
Archer,Skeleton Archer,Counterattack,3,2,1,0,0,0.667,0.000,0.000,10,3.33,5.00,0,1
Archer,Sorcerer,Regular,5,4,0,1,0,0.800,0.200,0.000,36,7.20,9.00,0,3
Archer,Spearman,Regular,2,1,0,0,1,1.000,0.000,0.500,12,6.00,6.00,0,2
Archer,Spearman,Counterattack,7,5,1,0,1,0.857,0.000,0.143,6,0.86,1.00,0,3
Archer,Swordsman,Regular,6,4,0,0,2,1.000,0.000,0.333,40,6.67,6.67,0,3
Archer,Swordsman,Counterattack,1,0,1,0,0,0.000,0.000,0.000,0,0.00,0.00,0,1
Archer,Warlock,Regular,6,6,0,0,0,1.000,0.000,0.000,72,12.00,12.00,3,1
Archer,Warlock,Counterattack,6,5,0,0,1,1.000,0.000,0.167,22,3.67,3.67,0,1
Archer,Warrior,Regular,8,4,0,1,3,0.875,0.125,0.375,28,3.50,4.00,0,3
Archer,Warrior,Counterattack,6,1,3,1,1,0.333,0.167,0.167,2,0.33,1.00,0,4
Archer,Wizard,Regular,14,11,0,0,3,1.000,0.000,0.214,150,10.71,10.71,3,2
Archer,Wizard,Counterattack,10,8,2,0,0,0.800,0.000,0.000,8,0.80,1.00,0,1
Assassin,Archer,Regular,9,4,0,1,4,0.889,0.111,0.444,160,17.78,20.00,3,1
Assassin,Archer,Counterattack,9,3,2,2,2,0.556,0.222,0.222,35,3.89,7.00,0,1
Assassin,Battle Mage,Regular,9,8,0,1,0,0.889,0.111,0.000,52,5.78,6.50,0,1
Assassin,Battle Mage,Counterattack,10,2,3,0,5,0.700,0.000,0.500,14,1.40,2.00,0,2
Assassin,Cleric,Regular,11,7,0,0,4,1.000,0.000,0.364,126,11.45,11.45,1,1
Assassin,Cleric,Counterattack,3,0,1,1,1,0.333,0.333,0.333,5,1.67,5.00,1,1
Assassin,Crossbowman,Regular,19,14,0,2,3,0.895,0.105,0.158,166,8.74,9.76,6,2
Assassin,Crossbowman,Counterattack,9,4,1,1,3,0.778,0.111,0.333,13,1.44,1.86,0,1
Assassin,Fighter,Regular,4,3,0,0,1,1.000,0.000,0.250,11,2.75,2.75,0,2
Assassin,Fighter,Counterattack,3,2,0,0,1,1.000,0.000,0.333,3,1.00,1.00,0,1
Assassin,Goblin Raider,Regular,9,4,0,2,3,0.778,0.222,0.333,135,15.00,19.29,4,1
Assassin,Goblin Raider,Counterattack,11,4,3,2,2,0.545,0.182,0.182,40,3.64,6.67,0,2
Assassin,Knight,Regular,13,9,0,2,2,0.846,0.154,0.154,14,1.08,1.27,0,2
Assassin,Knight,Counterattack,12,9,2,0,1,0.833,0.000,0.083,10,0.83,1.00,0,1
Assassin,Mage,Regular,10,6,0,0,4,1.000,0.000,0.400,122,12.20,12.20,0,2
Assassin,Marksman,Regular,9,2,0,1,6,0.889,0.111,0.667,180,20.00,22.50,0,1
Assassin,Ogre,Regular,40,28,0,0,12,1.000,0.000,0.300,52,1.30,1.30,2,2
Assassin,Ogre,Counterattack,37,15,8,0,14,0.784,0.000,0.378,29,0.78,1.00,0,2
Assassin,Orc Warrior,Regular,18,15,0,1,2,0.944,0.056,0.111,30,1.67,1.76,0,1
Assassin,Orc Warrior,Counterattack,9,4,5,0,0,0.444,0.000,0.000,4,0.44,1.00,0,1
Assassin,Paladin,Regular,32,17,0,4,11,0.875,0.125,0.344,96,3.00,3.43,0,1
Assassin,Paladin,Counterattack,23,11,3,3,6,0.739,0.130,0.261,17,0.74,1.00,0,1
Assassin,Priest,Regular,11,9,0,0,2,1.000,0.000,0.182,126,11.45,11.45,2,1
Assassin,Priest,Counterattack,2,1,0,0,1,1.000,0.000,0.500,11,5.50,5.50,0,1
Assassin,Ranger,Regular,15,9,0,2,4,0.867,0.133,0.267,155,10.33,11.92,5,1
Assassin,Ranger,Counterattack,7,2,0,2,3,0.714,0.286,0.429,15,2.14,3.00,0,2
Assassin,Rogue,Regular,9,6,0,1,2,0.889,0.111,0.222,116,12.89,14.50,0,1
Assassin,Rogue,Counterattack,14,6,1,3,4,0.714,0.214,0.286,40,2.86,4.00,2,2
Assassin,Scout,Regular,9,6,0,0,3,1.000,0.000,0.333,133,14.78,14.78,0,1
Assassin,Scout,Counterattack,3,2,1,0,0,0.667,0.000,0.000,6,2.00,3.00,2,1
Assassin,Skeleton Archer,Regular,9,7,0,0,2,1.000,0.000,0.222,173,19.22,19.22,0,1
Assassin,Skeleton Archer,Counterattack,2,2,0,0,0,1.000,0.000,0.000,14,7.00,7.00,0,1
Assassin,Spearman,Regular,7,6,0,0,1,1.000,0.000,0.143,30,4.29,4.29,0,2
Assassin,Spearman,Counterattack,6,4,1,0,1,0.833,0.000,0.167,5,0.83,1.00,0,1
Assassin,Swordsman,Regular,9,5,0,1,3,0.889,0.111,0.333,86,9.56,10.75,0,1
Assassin,Warlock,Regular,9,3,0,1,5,0.889,0.111,0.556,170,18.89,21.25,0,1
Assassin,Warlock,Counterattack,1,0,1,0,0,0.000,0.000,0.000,0,0.00,0.00,0,1
Assassin,Warrior,Regular,19,13,0,2,4,0.895,0.105,0.211,91,4.79,5.35,0,2
Assassin,Warrior,Counterattack,10,4,3,1,2,0.600,0.100,0.200,6,0.60,1.00,0,2
Assassin,Wizard,Regular,11,7,0,2,2,0.818,0.182,0.182,128,11.64,14.22,0,1
Assassin,Wizard,Counterattack,3,2,1,0,0,0.667,0.000,0.000,4,1.33,2.00,1,1
Battle Mage,Archer,Regular,10,8,0,1,1,0.900,0.100,0.100,116,11.60,12.89,0,2
Battle Mage,Archer,Counterattack,12,5,4,3,0,0.417,0.250,0.000,15,1.25,3.00,2,1
Battle Mage,Assassin,Regular,13,8,0,2,3,0.846,0.154,0.231,145,11.15,13.18,3,2
Battle Mage,Assassin,Counterattack,9,3,2,1,3,0.667,0.111,0.333,24,2.67,4.00,2,1
Battle Mage,Cleric,Regular,18,15,0,1,2,0.944,0.056,0.111,110,6.11,6.47,2,2
Battle Mage,Cleric,Counterattack,18,13,1,3,1,0.778,0.167,0.056,14,0.78,1.00,1,1
Battle Mage,Crossbowman,Regular,24,17,0,3,4,0.875,0.125,0.167,137,5.71,6.52,2,1
Battle Mage,Crossbowman,Counterattack,15,10,3,1,1,0.733,0.067,0.067,11,0.73,1.00,0,1
Battle Mage,Fighter,Regular,6,6,0,0,0,1.000,0.000,0.000,6,1.00,1.00,0,1
Battle Mage,Fighter,Counterattack,6,4,0,1,1,0.833,0.167,0.167,5,0.83,1.00,0,1
Battle Mage,Goblin Raider,Regular,10,8,0,0,2,1.000,0.000,0.200,136,13.60,13.60,0,2
Battle Mage,Goblin Raider,Counterattack,9,5,3,1,0,0.556,0.111,0.000,15,1.67,3.00,0,1
Battle Mage,Knight,Regular,19,14,0,1,4,0.947,0.053,0.211,19,1.00,1.06,0,2
Battle Mage,Knight,Counterattack,9,7,2,0,0,0.778,0.000,0.000,7,0.78,1.00,0,1
Battle Mage,Mage,Regular,9,7,0,1,1,0.889,0.111,0.111,50,5.56,6.25,0,1
Battle Mage,Marksman,Regular,9,8,0,0,1,1.000,0.000,0.111,116,12.89,12.89,0,1
Battle Mage,Ogre,Regular,33,27,0,0,6,1.000,0.000,0.182,33,1.00,1.00,3,1
Battle Mage,Ogre,Counterattack,33,22,8,0,3,0.758,0.000,0.091,25,0.76,1.00,0,1
Battle Mage,Orc Warrior,Regular,9,9,0,0,0,1.000,0.000,0.000,9,1.00,1.00,0,1
Battle Mage,Orc Warrior,Counterattack,9,3,3,2,1,0.444,0.222,0.111,4,0.44,1.00,0,1
Battle Mage,Paladin,Regular,42,25,0,6,11,0.857,0.143,0.262,53,1.26,1.47,0,1
Battle Mage,Paladin,Counterattack,33,17,9,6,1,0.545,0.182,0.030,18,0.55,1.00,0,1
Battle Mage,Ranger,Regular,19,13,0,3,3,0.842,0.158,0.158,114,6.00,7.12,2,1
Battle Mage,Ranger,Counterattack,19,10,3,4,2,0.632,0.211,0.105,12,0.63,1.00,0,1
Battle Mage,Rogue,Regular,18,13,0,5,0,0.722,0.278,0.000,117,6.50,9.00,2,1
Battle Mage,Rogue,Counterattack,18,10,5,2,1,0.611,0.111,0.056,14,0.78,1.27,0,1
Battle Mage,Scout,Regular,12,6,0,2,4,0.833,0.167,0.333,126,10.50,12.60,2,1
Battle Mage,Scout,Counterattack,9,4,0,3,2,0.667,0.333,0.222,13,1.44,2.17,2,1
Battle Mage,Skeleton Archer,Regular,9,8,0,0,1,1.000,0.000,0.111,134,14.89,14.89,1,1
Battle Mage,Skeleton Archer,Counterattack,9,6,1,1,1,0.778,0.111,0.111,39,4.33,5.57,0,1
Battle Mage,Sorcerer,Regular,10,9,0,0,1,1.000,0.000,0.100,98,9.80,9.80,0,2
Battle Mage,Spearman,Regular,18,12,0,6,0,0.667,0.333,0.000,15,0.83,1.25,0,1
Battle Mage,Spearman,Counterattack,9,6,1,2,0,0.667,0.222,0.000,6,0.67,1.00,0,1
Battle Mage,Swordsman,Regular,18,14,0,1,3,0.944,0.056,0.167,92,5.11,5.41,0,1
Battle Mage,Swordsman,Counterattack,9,4,5,0,0,0.444,0.000,0.000,4,0.44,1.00,0,1
Battle Mage,Warlock,Regular,9,8,0,0,1,1.000,0.000,0.111,116,12.89,12.89,0,1
Battle Mage,Warrior,Regular,28,21,0,2,5,0.929,0.071,0.179,61,2.18,2.35,0,2
Battle Mage,Warrior,Counterattack,27,17,6,1,3,0.741,0.037,0.111,20,0.74,1.00,0,1
Battle Mage,Wizard,Regular,14,9,0,1,4,0.929,0.071,0.286,149,10.64,11.46,5,2
Battle Mage,Wizard,Counterattack,12,6,1,2,3,0.750,0.167,0.250,18,1.50,2.00,1,1
Cleric,Archer,Regular,6,4,0,1,1,0.833,0.167,0.167,198,33.00,39.60,5,1
Cleric,Archer,Counterattack,1,1,0,0,0,1.000,0.000,0.000,12,12.00,12.00,0,1
Cleric,Assassin,Regular,4,4,0,0,0,1.000,0.000,0.000,144,36.00,36.00,4,1
Cleric,Assassin,Counterattack,4,2,2,0,0,0.500,0.000,0.000,36,9.00,18.00,0,1
Cleric,Battle Mage,Regular,6,4,0,1,1,0.833,0.167,0.167,135,22.50,27.00,0,1
Cleric,Cleric,Regular,1,1,0,0,0,1.000,0.000,0.000,30,30.00,30.00,0,1
Cleric,Crossbowman,Regular,8,6,0,1,1,0.875,0.125,0.125,270,33.75,38.57,1,3
Cleric,Fighter,Regular,6,3,0,0,3,1.000,0.000,0.500,201,33.50,33.50,0,1
Cleric,Goblin Raider,Regular,6,5,0,0,1,1.000,0.000,0.167,234,39.00,39.00,6,1
Cleric,Knight,Regular,8,7,0,1,0,0.875,0.125,0.000,103,12.88,14.71,2,2
Cleric,Knight,Counterattack,7,3,4,0,0,0.429,0.000,0.000,30,4.29,10.00,0,1
Cleric,Mage,Regular,3,3,0,0,0,1.000,0.000,0.000,87,29.00,29.00,0,2
Cleric,Marksman,Regular,6,5,0,1,0,0.833,0.167,0.000,180,30.00,36.00,5,1
Cleric,Ogre,Regular,3,3,0,0,0,1.000,0.000,0.000,108,36.00,36.00,3,1
Cleric,Ogre,Counterattack,3,3,0,0,0,1.000,0.000,0.000,54,18.00,18.00,0,1
Cleric,Orc Warrior,Regular,7,4,0,0,3,1.000,0.000,0.429,127,18.14,18.14,1,2
Cleric,Orc Warrior,Counterattack,6,0,5,0,1,0.167,0.000,0.167,14,2.33,14.00,0,2
Cleric,Paladin,Regular,7,6,0,0,1,1.000,0.000,0.143,164,23.43,23.43,4,2
Cleric,Paladin,Counterattack,6,4,1,0,1,0.833,0.000,0.167,50,8.33,10.00,0,1
Cleric,Priest,Counterattack,1,1,0,0,0,1.000,0.000,0.000,13,13.00,13.00,0,1
Cleric,Ranger,Regular,6,6,0,0,0,1.000,0.000,0.000,168,28.00,28.00,0,1
Cleric,Ranger,Counterattack,1,1,0,0,0,1.000,0.000,0.000,12,12.00,12.00,0,1
Cleric,Rogue,Regular,6,5,0,1,0,0.833,0.167,0.000,180,30.00,36.00,5,1
Cleric,Rogue,Counterattack,1,1,0,0,0,1.000,0.000,0.000,18,18.00,18.00,0,1
Cleric,Scout,Regular,6,4,0,2,0,0.667,0.333,0.000,128,21.33,32.00,0,1
Cleric,Scout,Counterattack,4,3,0,0,1,1.000,0.000,0.250,81,20.25,20.25,3,2
Cleric,Skeleton Archer,Regular,1,1,0,0,0,1.000,0.000,0.000,35,35.00,35.00,1,1
Cleric,Skeleton Archer,Counterattack,6,3,2,0,1,0.667,0.000,0.167,77,12.83,19.25,0,1
Cleric,Sorcerer,Regular,6,5,0,1,0,0.833,0.167,0.000,145,24.17,29.00,0,1
Cleric,Spearman,Regular,6,3,0,2,1,0.667,0.333,0.167,112,18.67,28.00,0,1
Cleric,Spearman,Counterattack,3,3,0,0,0,1.000,0.000,0.000,36,12.00,12.00,0,1
Cleric,Swordsman,Regular,10,6,0,3,1,0.700,0.300,0.100,270,27.00,38.57,3,4
Cleric,Warlock,Regular,9,6,0,1,2,0.889,0.111,0.222,276,30.67,34.50,8,3
Cleric,Warlock,Counterattack,1,1,0,0,0,1.000,0.000,0.000,10,10.00,10.00,0,1
Cleric,Warrior,Regular,11,8,0,2,1,0.818,0.182,0.091,303,27.55,33.67,1,4
Cleric,Wizard,Regular,9,7,0,1,1,0.889,0.111,0.111,250,27.78,31.25,1,4
Crossbowman,Archer,Regular,15,11,0,1,3,0.933,0.067,0.200,285,19.00,20.36,7,4
Crossbowman,Archer,Counterattack,3,1,0,2,0,0.333,0.667,0.000,6,2.00,6.00,0,1
Crossbowman,Assassin,Regular,3,2,0,0,1,1.000,0.000,0.333,62,20.67,20.67,0,1
Crossbowman,Assassin,Counterattack,3,1,1,1,0,0.333,0.333,0.000,5,1.67,5.00,0,1
Crossbowman,Battle Mage,Regular,5,2,0,1,2,0.800,0.200,0.400,58,11.60,14.50,0,1
Crossbowman,Battle Mage,Counterattack,5,3,2,0,0,0.600,0.000,0.000,3,0.60,1.00,0,1
Crossbowman,Cleric,Regular,9,5,0,2,2,0.778,0.222,0.222,105,11.67,15.00,2,1
Crossbowman,Cleric,Counterattack,9,5,2,0,2,0.778,0.000,0.222,17,1.89,2.43,1,1
Crossbowman,Fighter,Regular,3,2,0,1,0,0.667,0.333,0.000,7,2.33,3.50,0,1
Crossbowman,Goblin Raider,Regular,8,4,0,2,2,0.750,0.250,0.250,121,15.12,20.17,3,3
Crossbowman,Goblin Raider,Counterattack,6,3,0,1,2,0.833,0.167,0.333,42,7.00,8.40,1,1
Crossbowman,Knight,Regular,51,36,0,5,10,0.902,0.098,0.196,132,2.59,2.87,3,5
Crossbowman,Knight,Counterattack,16,11,2,2,1,0.750,0.125,0.062,12,0.75,1.00,0,3
Crossbowman,Marksman,Regular,9,4,0,3,2,0.667,0.333,0.222,130,14.44,21.67,4,1
Crossbowman,Marksman,Counterattack,6,2,2,0,2,0.667,0.000,0.333,36,6.00,9.00,1,1
Crossbowman,Ogre,Regular,21,17,0,0,4,1.000,0.000,0.190,41,1.95,1.95,0,1
Crossbowman,Ogre,Counterattack,21,12,4,2,3,0.714,0.095,0.143,15,0.71,1.00,0,1
Crossbowman,Orc Warrior,Regular,10,9,0,1,0,0.900,0.100,0.000,13,1.30,1.44,0,2
Crossbowman,Orc Warrior,Counterattack,6,4,2,0,0,0.667,0.000,0.000,4,0.67,1.00,0,2
Crossbowman,Paladin,Regular,27,21,0,4,2,0.852,0.148,0.074,49,1.81,2.13,0,5
Crossbowman,Paladin,Counterattack,12,4,4,0,4,0.667,0.000,0.333,8,0.67,1.00,0,3
Crossbowman,Priest,Regular,3,3,0,0,0,1.000,0.000,0.000,36,12.00,12.00,0,1
Crossbowman,Ranger,Regular,9,5,0,1,3,0.889,0.111,0.333,125,13.89,15.62,2,1
Crossbowman,Ranger,Counterattack,9,4,3,2,0,0.444,0.222,0.000,4,0.44,1.00,0,1
Crossbowman,Rogue,Regular,9,5,0,2,2,0.778,0.222,0.222,127,14.11,18.14,3,1
Crossbowman,Rogue,Counterattack,6,2,3,0,1,0.500,0.000,0.167,15,2.50,5.00,0,1
Crossbowman,Scout,Regular,9,5,0,2,2,0.778,0.222,0.222,126,14.00,18.00,2,1
Crossbowman,Scout,Counterattack,9,5,2,1,1,0.667,0.111,0.111,27,3.00,4.50,0,1
Crossbowman,Skeleton Archer,Regular,3,3,0,0,0,1.000,0.000,0.000,60,20.00,20.00,0,1
Crossbowman,Skeleton Archer,Counterattack,3,2,0,1,0,0.667,0.333,0.000,16,5.33,8.00,0,1
Crossbowman,Sorcerer,Regular,3,3,0,0,0,1.000,0.000,0.000,45,15.00,15.00,0,1
Crossbowman,Spearman,Regular,2,2,0,0,0,1.000,0.000,0.000,13,6.50,6.50,0,1
Crossbowman,Spearman,Counterattack,2,1,0,0,1,1.000,0.000,0.500,3,1.50,1.50,0,1
Crossbowman,Swordsman,Regular,13,7,0,1,5,0.923,0.077,0.385,175,13.46,14.58,2,5
Crossbowman,Swordsman,Counterattack,7,5,2,0,0,0.714,0.000,0.000,5,0.71,1.00,0,3
Crossbowman,Warlock,Regular,6,6,0,0,0,1.000,0.000,0.000,108,18.00,18.00,3,1
Crossbowman,Warlock,Counterattack,6,2,2,2,0,0.333,0.333,0.000,12,2.00,6.00,0,1
Crossbowman,Warrior,Regular,12,9,0,2,1,0.833,0.167,0.083,71,5.92,7.10,0,2
Crossbowman,Warrior,Counterattack,8,6,2,0,0,0.750,0.000,0.000,6,0.75,1.00,0,1
Crossbowman,Wizard,Regular,11,8,0,0,3,1.000,0.000,0.273,198,18.00,18.00,4,4
Crossbowman,Wizard,Counterattack,8,6,1,1,0,0.750,0.125,0.000,18,2.25,3.00,0,1
Fighter,Archer,Regular,15,9,0,5,1,0.667,0.333,0.067,233,15.53,23.30,3,5
Fighter,Archer,Counterattack,1,1,0,0,0,1.000,0.000,0.000,8,8.00,8.00,0,1
Fighter,Assassin,Regular,11,4,0,3,4,0.727,0.273,0.364,220,20.00,27.50,1,3
Fighter,Assassin,Counterattack,4,2,1,0,1,0.750,0.000,0.250,28,7.00,9.33,2,2
Fighter,Battle Mage,Regular,12,11,0,0,1,1.000,0.000,0.083,175,14.58,14.58,3,1
Fighter,Battle Mage,Counterattack,6,2,0,3,1,0.500,0.500,0.167,8,1.33,2.67,1,1
Fighter,Cleric,Regular,7,4,0,0,3,1.000,0.000,0.429,131,18.71,18.71,2,1
Fighter,Cleric,Counterattack,8,6,1,0,1,0.875,0.000,0.125,20,2.50,2.86,1,1
Fighter,Crossbowman,Regular,15,12,0,2,1,0.867,0.133,0.067,208,13.87,16.00,1,4
Fighter,Crossbowman,Counterattack,11,8,3,0,0,0.727,0.000,0.000,8,0.73,1.00,0,2
Fighter,Fighter,Regular,17,10,0,3,4,0.824,0.176,0.235,164,9.65,11.71,2,4
Fighter,Fighter,Counterattack,11,6,2,2,1,0.636,0.182,0.091,7,0.64,1.00,0,3
Fighter,Goblin Raider,Regular,10,8,0,0,2,1.000,0.000,0.200,246,24.60,24.60,2,2
Fighter,Knight,Regular,74,57,0,8,9,0.892,0.108,0.122,313,4.23,4.74,7,7
Fighter,Knight,Counterattack,60,33,15,5,7,0.667,0.083,0.117,40,0.67,1.00,0,6
Fighter,Mage,Regular,1,0,0,0,1,1.000,0.000,1.000,29,29.00,29.00,0,1
Fighter,Marksman,Regular,10,8,0,0,2,1.000,0.000,0.200,246,24.60,24.60,2,2
Fighter,Marksman,Counterattack,1,1,0,0,0,1.000,0.000,0.000,8,8.00,8.00,0,1
Fighter,Ogre,Regular,15,12,0,0,3,1.000,0.000,0.200,48,3.20,3.20,0,1
Fighter,Ogre,Counterattack,15,8,5,1,1,0.600,0.067,0.067,9,0.60,1.00,0,1
Fighter,Orc Warrior,Regular,28,23,0,2,3,0.929,0.071,0.107,134,4.79,5.15,1,2
Fighter,Orc Warrior,Counterattack,27,15,6,3,3,0.667,0.111,0.111,18,0.67,1.00,0,1
Fighter,Paladin,Regular,52,42,0,2,8,0.962,0.038,0.154,343,6.60,6.86,13,5
Fighter,Paladin,Counterattack,42,30,7,2,3,0.786,0.048,0.071,33,0.79,1.00,0,3
Fighter,Priest,Regular,9,8,0,0,1,1.000,0.000,0.111,148,16.44,16.44,1,1
Fighter,Priest,Counterattack,3,2,0,0,1,1.000,0.000,0.333,25,8.33,8.33,3,1
Fighter,Ranger,Regular,14,8,0,2,4,0.857,0.143,0.286,241,17.21,20.08,3,3
Fighter,Ranger,Counterattack,5,1,2,1,1,0.400,0.200,0.200,13,2.60,6.50,0,3
Fighter,Rogue,Regular,10,7,0,3,0,0.700,0.300,0.000,133,13.30,19.00,0,2
Fighter,Rogue,Counterattack,10,6,2,1,1,0.700,0.100,0.100,42,4.20,6.00,0,2
Fighter,Scout,Regular,14,11,0,2,1,0.857,0.143,0.071,241,17.21,20.08,2,3
Fighter,Scout,Counterattack,3,2,1,0,0,0.667,0.000,0.000,12,4.00,6.00,0,2
Fighter,Skeleton Archer,Regular,11,9,0,0,2,1.000,0.000,0.182,290,26.36,26.36,11,3
Fighter,Skeleton Archer,Counterattack,10,6,2,1,1,0.700,0.100,0.100,77,7.70,11.00,0,2
Fighter,Sorcerer,Regular,10,7,0,2,1,0.800,0.200,0.100,165,16.50,20.62,0,2
Fighter,Spearman,Regular,15,9,0,1,5,0.933,0.067,0.333,193,12.87,13.79,2,1
Fighter,Spearman,Counterattack,6,1,4,1,0,0.167,0.167,0.000,1,0.17,1.00,0,1
Fighter,Swordsman,Regular,24,15,0,3,6,0.875,0.125,0.250,372,15.50,17.71,5,6
Fighter,Swordsman,Counterattack,7,3,2,2,0,0.429,0.286,0.000,3,0.43,1.00,0,3
Fighter,Warlock,Regular,9,9,0,0,0,1.000,0.000,0.000,198,22.00,22.00,0,1
Fighter,Warrior,Regular,24,19,0,3,2,0.875,0.125,0.083,236,9.83,11.24,5,5
Fighter,Warrior,Counterattack,20,6,8,4,2,0.400,0.200,0.100,12,0.60,1.50,0,3
Fighter,Wizard,Regular,16,15,0,0,1,1.000,0.000,0.062,317,19.81,19.81,3,5
Fighter,Wizard,Counterattack,7,6,0,0,1,1.000,0.000,0.143,42,6.00,6.00,0,2
Goblin Raider,Archer,Regular,27,18,0,3,6,0.889,0.111,0.222,228,8.44,9.50,4,5
Goblin Raider,Archer,Counterattack,9,4,3,2,0,0.444,0.222,0.000,4,0.44,1.00,0,3
Goblin Raider,Assassin,Regular,7,6,0,1,0,0.857,0.143,0.000,42,6.00,7.00,1,3
Goblin Raider,Battle Mage,Regular,3,2,0,0,1,1.000,0.000,0.333,9,3.00,3.00,0,1
Goblin Raider,Cleric,Regular,26,19,0,2,5,0.923,0.077,0.192,102,3.92,4.25,2,2
Goblin Raider,Cleric,Counterattack,26,17,2,5,2,0.731,0.192,0.077,19,0.73,1.00,1,1
Goblin Raider,Crossbowman,Regular,10,7,0,1,2,0.900,0.100,0.200,21,2.10,2.33,0,2
Goblin Raider,Crossbowman,Counterattack,4,3,0,1,0,0.750,0.250,0.000,3,0.75,1.00,0,2
Goblin Raider,Fighter,Counterattack,1,1,0,0,0,1.000,0.000,0.000,1,1.00,1.00,0,1
Goblin Raider,Knight,Regular,52,40,0,3,9,0.942,0.058,0.173,49,0.94,1.00,0,7
Goblin Raider,Knight,Counterattack,8,7,0,1,0,0.875,0.125,0.000,7,0.88,1.00,0,5
Goblin Raider,Mage,Regular,5,3,0,0,2,1.000,0.000,0.400,22,4.40,4.40,0,2
Goblin Raider,Mage,Counterattack,1,1,0,0,0,1.000,0.000,0.000,1,1.00,1.00,1,1
Goblin Raider,Marksman,Regular,18,11,0,4,3,0.778,0.222,0.167,130,7.22,9.29,3,3
Goblin Raider,Marksman,Counterattack,9,6,1,1,1,0.778,0.111,0.111,10,1.11,1.43,0,1
Goblin Raider,Ogre,Regular,36,31,0,1,4,0.972,0.028,0.111,35,0.97,1.00,3,1
Goblin Raider,Ogre,Counterattack,33,17,7,3,6,0.697,0.091,0.182,23,0.70,1.00,0,1
Goblin Raider,Orc Warrior,Regular,6,5,0,0,1,1.000,0.000,0.167,6,1.00,1.00,0,1
Goblin Raider,Orc Warrior,Counterattack,3,2,0,0,1,1.000,0.000,0.333,3,1.00,1.00,0,1
Goblin Raider,Paladin,Regular,4,4,0,0,0,1.000,0.000,0.000,4,1.00,1.00,0,1
Goblin Raider,Paladin,Counterattack,5,4,0,0,1,1.000,0.000,0.200,5,1.00,1.00,0,2
Goblin Raider,Priest,Regular,3,1,0,1,1,0.667,0.333,0.333,18,6.00,9.00,0,1
Goblin Raider,Ranger,Regular,31,17,0,6,8,0.806,0.194,0.258,123,3.97,4.92,3,2
Goblin Raider,Ranger,Counterattack,31,10,12,5,4,0.452,0.161,0.129,14,0.45,1.00,0,2
Goblin Raider,Rogue,Regular,21,17,0,1,3,0.952,0.048,0.143,118,5.62,5.90,0,1
Goblin Raider,Rogue,Counterattack,18,6,4,4,4,0.556,0.222,0.222,10,0.56,1.00,0,1
Goblin Raider,Scout,Regular,13,7,0,4,2,0.692,0.308,0.154,66,5.08,7.33,1,1
Goblin Raider,Scout,Counterattack,10,5,1,2,2,0.700,0.200,0.200,9,0.90,1.29,0,1
Goblin Raider,Skeleton Archer,Regular,5,3,0,1,1,0.800,0.200,0.200,46,9.20,11.50,2,2
Goblin Raider,Skeleton Archer,Counterattack,1,1,0,0,0,1.000,0.000,0.000,3,3.00,3.00,0,1
Goblin Raider,Swordsman,Regular,44,29,0,4,11,0.909,0.091,0.250,95,2.16,2.38,0,4
Goblin Raider,Swordsman,Counterattack,4,4,0,0,0,1.000,0.000,0.000,4,1.00,1.00,0,3
Goblin Raider,Warlock,Regular,12,9,0,1,2,0.917,0.083,0.167,100,8.33,9.09,2,1
Goblin Raider,Warlock,Counterattack,9,5,3,1,0,0.556,0.111,0.000,5,0.56,1.00,0,1
Goblin Raider,Warrior,Regular,6,3,0,1,2,0.833,0.167,0.333,7,1.17,1.40,0,1
Goblin Raider,Warrior,Counterattack,3,2,0,0,1,1.000,0.000,0.333,3,1.00,1.00,0,1
Goblin Raider,Wizard,Regular,20,15,0,1,4,0.950,0.050,0.200,119,5.95,6.26,3,2
Goblin Raider,Wizard,Counterattack,16,10,1,1,4,0.875,0.062,0.250,14,0.88,1.00,0,1
Knight,Archer,Regular,10,10,0,0,0,1.000,0.000,0.000,180,18.00,18.00,3,2
Knight,Archer,Counterattack,10,5,2,2,1,0.600,0.200,0.100,42,4.20,7.00,0,2
Knight,Assassin,Regular,12,8,0,4,0,0.667,0.333,0.000,136,11.33,17.00,0,4
Knight,Assassin,Counterattack,10,9,1,0,0,0.900,0.000,0.000,45,4.50,5.00,0,2
Knight,Battle Mage,Regular,9,6,0,0,3,1.000,0.000,0.333,132,14.67,14.67,0,1
Knight,Battle Mage,Counterattack,9,6,0,2,1,0.778,0.222,0.111,11,1.22,1.57,0,1
Knight,Cleric,Regular,9,8,0,0,1,1.000,0.000,0.111,128,14.22,14.22,1,1
Knight,Cleric,Counterattack,6,6,0,0,0,1.000,0.000,0.000,6,1.00,1.00,0,1
Knight,Crossbowman,Regular,27,19,0,3,5,0.889,0.111,0.185,319,11.81,13.29,8,4
Knight,Crossbowman,Counterattack,38,21,10,3,4,0.658,0.079,0.105,41,1.08,1.64,0,5
Knight,Fighter,Regular,53,42,0,4,7,0.925,0.075,0.132,273,5.15,5.57,5,8
Knight,Fighter,Counterattack,58,42,8,1,7,0.845,0.017,0.121,49,0.84,1.00,0,9
Knight,Goblin Raider,Regular,20,16,0,3,1,0.850,0.150,0.050,317,15.85,18.65,7,5
Knight,Goblin Raider,Counterattack,31,15,6,5,5,0.645,0.161,0.161,150,4.84,7.50,2,7
Knight,Knight,Regular,37,33,0,3,1,0.919,0.081,0.027,44,1.19,1.29,0,4
Knight,Knight,Counterattack,33,21,5,3,4,0.758,0.091,0.121,25,0.76,1.00,1,4
Knight,Mage,Regular,3,3,0,0,0,1.000,0.000,0.000,36,12.00,12.00,0,3
Knight,Mage,Counterattack,4,3,1,0,0,0.750,0.000,0.000,3,0.75,1.00,0,3
Knight,Marksman,Regular,17,13,0,3,1,0.824,0.176,0.059,263,15.47,18.79,3,5
Knight,Marksman,Counterattack,16,11,3,2,0,0.688,0.125,0.000,66,4.12,6.00,2,4
Knight,Ogre,Regular,21,13,0,2,6,0.905,0.095,0.286,49,2.33,2.58,2,1
Knight,Ogre,Counterattack,18,11,2,2,3,0.778,0.111,0.167,14,0.78,1.00,0,1
Knight,Orc Warrior,Regular,21,18,0,1,2,0.952,0.048,0.095,82,3.90,4.10,1,2
Knight,Orc Warrior,Counterattack,17,11,4,0,2,0.765,0.000,0.118,13,0.76,1.00,0,1
Knight,Paladin,Regular,69,58,0,2,9,0.971,0.029,0.130,233,3.38,3.48,4,5
Knight,Paladin,Counterattack,66,39,15,5,7,0.697,0.076,0.106,46,0.70,1.00,0,5
Knight,Priest,Regular,4,4,0,0,0,1.000,0.000,0.000,64,16.00,16.00,0,1
Knight,Priest,Counterattack,2,1,1,0,0,0.500,0.000,0.000,4,2.00,4.00,0,2
Knight,Ranger,Regular,13,12,0,0,1,1.000,0.000,0.077,180,13.85,13.85,2,3
Knight,Ranger,Counterattack,7,3,2,2,0,0.429,0.286,0.000,3,0.43,1.00,0,2
Knight,Rogue,Regular,10,8,0,1,1,0.900,0.100,0.100,146,14.60,16.22,0,2
Knight,Rogue,Counterattack,10,6,2,2,0,0.600,0.200,0.000,18,1.80,3.00,3,2
Knight,Scout,Regular,10,9,0,1,0,0.900,0.100,0.000,144,14.40,16.00,0,2
Knight,Scout,Counterattack,7,3,3,1,0,0.429,0.143,0.000,12,1.71,4.00,0,2
Knight,Skeleton Archer,Regular,12,9,0,3,0,0.750,0.250,0.000,180,15.00,20.00,1,4
Knight,Skeleton Archer,Counterattack,9,4,2,3,0,0.444,0.333,0.000,32,3.56,8.00,1,2
Knight,Sorcerer,Regular,3,2,0,0,1,1.000,0.000,0.333,56,18.67,18.67,0,3
Knight,Sorcerer,Counterattack,1,0,1,0,0,0.000,0.000,0.000,0,0.00,0.00,0,1
Knight,Spearman,Regular,21,19,0,0,2,1.000,0.000,0.095,190,9.05,9.05,3,4
Knight,Spearman,Counterattack,28,16,7,4,1,0.607,0.143,0.036,18,0.64,1.06,0,5
Knight,Swordsman,Regular,20,17,0,3,0,0.850,0.150,0.000,170,8.50,10.00,3,2
Knight,Swordsman,Counterattack,16,7,3,4,2,0.562,0.250,0.125,15,0.94,1.67,0,2
Knight,Warlock,Regular,16,10,0,4,2,0.750,0.250,0.125,238,14.88,19.83,9,4
Knight,Warlock,Counterattack,9,4,2,1,2,0.667,0.111,0.222,48,5.33,8.00,0,1
Knight,Warrior,Regular,36,31,0,2,3,0.944,0.056,0.083,237,6.58,6.97,8,6
Knight,Warrior,Counterattack,34,24,6,2,2,0.765,0.059,0.059,26,0.76,1.00,0,6
Knight,Wizard,Regular,15,12,0,1,2,0.933,0.067,0.133,232,15.47,16.57,4,6
Knight,Wizard,Counterattack,10,8,2,0,0,0.800,0.000,0.000,24,2.40,3.00,0,2
Mage,Archer,Regular,10,7,0,2,1,0.800,0.200,0.100,331,33.10,41.38,8,2
Mage,Assassin,Regular,4,4,0,0,0,1.000,0.000,0.000,156,39.00,39.00,4,1
Mage,Assassin,Counterattack,6,4,1,1,0,0.667,0.167,0.000,76,12.67,19.00,0,1
Mage,Battle Mage,Regular,6,6,0,0,0,1.000,0.000,0.000,183,30.50,30.50,3,1
Mage,Battle Mage,Counterattack,9,2,2,2,3,0.556,0.222,0.333,90,10.00,18.00,0,1
Mage,Cleric,Regular,9,7,0,0,2,1.000,0.000,0.222,268,29.78,29.78,2,1
Mage,Crossbowman,Regular,9,8,0,0,1,1.000,0.000,0.111,370,41.11,41.11,1,1
Mage,Fighter,Regular,9,5,0,2,2,0.778,0.222,0.222,266,29.56,38.00,1,1
Mage,Goblin Raider,Regular,8,6,0,1,1,0.875,0.125,0.125,292,36.50,41.71,7,3
Mage,Goblin Raider,Counterattack,10,4,3,2,1,0.500,0.200,0.100,105,10.50,21.00,0,2
Mage,Knight,Regular,14,12,0,1,1,0.929,0.071,0.071,329,23.50,25.31,3,2
Mage,Knight,Counterattack,4,1,2,0,1,0.500,0.000,0.250,37,9.25,18.50,0,2
Mage,Marksman,Counterattack,9,7,1,1,0,0.778,0.111,0.000,133,14.78,19.00,0,1
Mage,Ogre,Regular,3,3,0,0,0,1.000,0.000,0.000,117,39.00,39.00,0,1
Mage,Orc Warrior,Regular,11,9,0,2,0,0.818,0.182,0.000,189,17.18,21.00,1,2
Mage,Orc Warrior,Counterattack,3,0,1,0,2,0.667,0.000,0.667,58,19.33,29.00,0,1
Mage,Paladin,Regular,16,12,0,0,4,1.000,0.000,0.250,558,34.88,34.88,9,5
Mage,Paladin,Counterattack,12,9,3,0,0,0.750,0.000,0.000,105,8.75,11.67,1,4
Mage,Priest,Regular,9,8,0,0,1,1.000,0.000,0.111,242,26.89,26.89,4,1
Mage,Ranger,Regular,9,6,0,2,1,0.778,0.222,0.111,242,26.89,34.57,1,1
Mage,Rogue,Regular,9,6,0,3,0,0.667,0.333,0.000,234,26.00,39.00,6,1
Mage,Scout,Counterattack,9,7,1,1,0,0.778,0.111,0.000,123,13.67,17.57,0,1
Mage,Skeleton Archer,Regular,3,3,0,0,0,1.000,0.000,0.000,114,38.00,38.00,3,1
Mage,Skeleton Archer,Counterattack,9,5,2,1,1,0.667,0.111,0.111,118,13.11,19.67,0,1
Mage,Spearman,Regular,9,8,0,0,1,1.000,0.000,0.111,292,32.44,32.44,0,1
Mage,Swordsman,Regular,13,9,0,2,2,0.846,0.154,0.154,467,35.92,42.45,9,5
Mage,Swordsman,Counterattack,7,5,1,1,0,0.714,0.143,0.000,95,13.57,19.00,0,2
Mage,Warlock,Regular,3,3,0,0,0,1.000,0.000,0.000,99,33.00,33.00,3,1
Mage,Warlock,Counterattack,9,7,1,0,1,0.889,0.000,0.111,114,12.67,14.25,0,1
Mage,Warrior,Regular,15,13,0,1,1,0.933,0.067,0.067,495,33.00,35.36,1,4
Mage,Warrior,Counterattack,1,0,1,0,0,0.000,0.000,0.000,0,0.00,0.00,0,1
Mage,Wizard,Regular,5,5,0,0,0,1.000,0.000,0.000,160,32.00,32.00,3,3
Mage,Wizard,Counterattack,5,3,1,0,1,0.800,0.000,0.200,58,11.60,14.50,1,2
Marksman,Archer,Regular,11,7,0,3,1,0.727,0.273,0.091,121,11.00,15.12,1,4
Marksman,Archer,Counterattack,5,2,2,1,0,0.400,0.200,0.000,8,1.60,4.00,0,2
Marksman,Battle Mage,Counterattack,1,0,1,0,0,0.000,0.000,0.000,0,0.00,0.00,0,1
Marksman,Cleric,Regular,11,9,0,0,2,1.000,0.000,0.182,107,9.73,9.73,3,1
Marksman,Cleric,Counterattack,11,6,4,1,0,0.545,0.091,0.000,6,0.55,1.00,0,1
Marksman,Crossbowman,Regular,4,2,0,1,1,0.750,0.250,0.250,30,7.50,10.00,0,1
Marksman,Crossbowman,Counterattack,4,3,1,0,0,0.750,0.000,0.000,3,0.75,1.00,0,1
Marksman,Goblin Raider,Regular,11,5,0,4,2,0.636,0.364,0.182,116,10.55,16.57,3,2
Marksman,Goblin Raider,Counterattack,13,9,3,1,0,0.692,0.077,0.000,36,2.77,4.00,0,2
Marksman,Knight,Regular,25,14,0,1,10,0.960,0.040,0.400,56,2.24,2.33,0,5
Marksman,Knight,Counterattack,18,9,5,1,3,0.667,0.056,0.167,12,0.67,1.00,0,4
Marksman,Mage,Regular,3,1,0,1,1,0.667,0.333,0.333,22,7.33,11.00,0,1
Marksman,Ogre,Regular,33,17,0,3,13,0.909,0.091,0.394,30,0.91,1.00,0,1
Marksman,Ogre,Counterattack,33,26,5,1,1,0.818,0.030,0.030,27,0.82,1.00,0,1
Marksman,Orc Warrior,Regular,4,4,0,0,0,1.000,0.000,0.000,4,1.00,1.00,0,2
Marksman,Orc Warrior,Counterattack,4,1,2,0,1,0.500,0.000,0.250,2,0.50,1.00,0,2
Marksman,Paladin,Regular,15,11,0,0,4,1.000,0.000,0.267,36,2.40,2.40,0,4
Marksman,Paladin,Counterattack,11,11,0,0,0,1.000,0.000,0.000,11,1.00,1.00,0,4
Marksman,Ranger,Regular,12,10,0,0,2,1.000,0.000,0.167,117,9.75,9.75,4,1
Marksman,Ranger,Counterattack,12,5,3,2,2,0.583,0.167,0.167,12,1.00,1.71,0,1
Marksman,Rogue,Regular,9,5,0,0,4,1.000,0.000,0.444,135,15.00,15.00,4,1
Marksman,Rogue,Counterattack,10,3,2,1,4,0.700,0.100,0.400,27,2.70,3.86,1,2
Marksman,Scout,Regular,7,5,0,2,0,0.714,0.286,0.000,54,7.71,10.80,0,1
Marksman,Scout,Counterattack,4,3,1,0,0,0.750,0.000,0.000,5,1.25,1.67,0,1
Marksman,Skeleton Archer,Regular,6,2,0,0,4,1.000,0.000,0.667,132,22.00,22.00,3,2
Marksman,Skeleton Archer,Counterattack,3,2,0,0,1,1.000,0.000,0.333,23,7.67,7.67,1,1
Marksman,Spearman,Regular,4,3,0,1,0,0.750,0.250,0.000,7,1.75,2.33,0,2
Marksman,Swordsman,Regular,5,4,0,1,0,0.800,0.200,0.000,24,4.80,6.00,0,3
Marksman,Warlock,Regular,6,4,0,1,1,0.833,0.167,0.167,79,13.17,15.80,1,1
Marksman,Warlock,Counterattack,6,1,3,0,2,0.500,0.000,0.333,22,3.67,7.33,2,1
Marksman,Warrior,Regular,8,3,0,3,2,0.625,0.375,0.250,28,3.50,5.60,0,3
Marksman,Warrior,Counterattack,5,3,0,1,1,0.800,0.200,0.200,4,0.80,1.00,0,3
Marksman,Wizard,Regular,14,10,0,3,1,0.786,0.214,0.071,130,9.29,11.82,3,3
Marksman,Wizard,Counterattack,12,6,4,0,2,0.667,0.000,0.167,18,1.50,2.25,0,1
Ogre,Archer,Regular,22,21,0,1,0,0.955,0.045,0.000,21,0.95,1.00,0,1
Ogre,Archer,Counterattack,22,13,5,1,3,0.727,0.045,0.136,16,0.73,1.00,0,1
Ogre,Assassin,Regular,28,20,0,3,5,0.893,0.107,0.179,25,0.89,1.00,0,2
Ogre,Assassin,Counterattack,27,12,12,2,1,0.481,0.074,0.037,13,0.48,1.00,0,2
Ogre,Battle Mage,Regular,22,18,0,3,1,0.864,0.136,0.045,19,0.86,1.00,0,1
Ogre,Battle Mage,Counterattack,20,15,4,1,0,0.750,0.050,0.000,15,0.75,1.00,0,1
Ogre,Cleric,Regular,2,1,0,0,1,1.000,0.000,0.500,2,1.00,1.00,0,1
Ogre,Crossbowman,Regular,14,12,0,0,2,1.000,0.000,0.143,14,1.00,1.00,0,1
Ogre,Crossbowman,Counterattack,12,6,0,4,2,0.667,0.333,0.167,8,0.67,1.00,0,1
Ogre,Fighter,Regular,11,11,0,0,0,1.000,0.000,0.000,11,1.00,1.00,0,2
Ogre,Fighter,Counterattack,8,7,1,0,0,0.875,0.000,0.000,7,0.88,1.00,0,1
Ogre,Goblin Raider,Regular,22,15,0,4,3,0.818,0.182,0.136,18,0.82,1.00,0,1
Ogre,Goblin Raider,Counterattack,22,16,3,2,1,0.773,0.091,0.045,17,0.77,1.00,0,1
Ogre,Knight,Regular,12,10,0,1,1,0.917,0.083,0.083,11,0.92,1.00,0,1
Ogre,Knight,Counterattack,12,6,3,1,2,0.667,0.083,0.167,8,0.67,1.00,0,1
Ogre,Marksman,Regular,22,19,0,2,1,0.909,0.091,0.045,20,0.91,1.00,0,1
Ogre,Marksman,Counterattack,22,14,4,3,1,0.682,0.136,0.045,15,0.68,1.00,0,1
Ogre,Orc Warrior,Regular,6,4,0,2,0,0.667,0.333,0.000,4,0.67,1.00,0,1
Ogre,Orc Warrior,Counterattack,6,2,4,0,0,0.333,0.000,0.000,2,0.33,1.00,0,1
Ogre,Paladin,Regular,23,17,0,3,3,0.870,0.130,0.130,20,0.87,1.00,0,2
Ogre,Paladin,Counterattack,22,12,8,2,0,0.545,0.091,0.000,12,0.55,1.00,0,1
Ogre,Ranger,Regular,2,2,0,0,0,1.000,0.000,0.000,2,1.00,1.00,0,1
Ogre,Ranger,Counterattack,2,2,0,0,0,1.000,0.000,0.000,2,1.00,1.00,0,1
Ogre,Rogue,Regular,58,47,0,8,3,0.862,0.138,0.052,50,0.86,1.00,1,2
Ogre,Rogue,Counterattack,58,37,11,10,0,0.638,0.172,0.000,37,0.64,1.00,1,2
Ogre,Scout,Regular,22,14,0,7,1,0.682,0.318,0.045,15,0.68,1.00,0,1
Ogre,Scout,Counterattack,20,13,3,4,0,0.650,0.200,0.000,13,0.65,1.00,0,1
Ogre,Skeleton Archer,Regular,2,2,0,0,0,1.000,0.000,0.000,2,1.00,1.00,0,1
Ogre,Skeleton Archer,Counterattack,2,2,0,0,0,1.000,0.000,0.000,2,1.00,1.00,0,1
Ogre,Sorcerer,Regular,2,1,0,0,1,1.000,0.000,0.500,2,1.00,1.00,0,1
Ogre,Sorcerer,Counterattack,2,2,0,0,0,1.000,0.000,0.000,2,1.00,1.00,0,1
Ogre,Spearman,Regular,16,12,0,3,1,0.812,0.188,0.062,13,0.81,1.00,0,1
Ogre,Spearman,Counterattack,14,8,2,2,2,0.714,0.143,0.143,10,0.71,1.00,0,1
Ogre,Swordsman,Regular,10,8,0,1,1,0.900,0.100,0.100,9,0.90,1.00,0,1
Ogre,Swordsman,Counterattack,8,6,1,1,0,0.750,0.125,0.000,6,0.75,1.00,0,1
Ogre,Warrior,Regular,11,9,0,1,1,0.909,0.091,0.091,10,0.91,1.00,0,2
Ogre,Warrior,Counterattack,10,6,1,1,2,0.800,0.100,0.200,8,0.80,1.00,0,1
Orc Warrior,Archer,Regular,9,6,0,2,1,0.778,0.222,0.111,190,21.11,27.14,5,1
Orc Warrior,Archer,Counterattack,6,5,1,0,0,0.833,0.000,0.000,50,8.33,10.00,0,1
Orc Warrior,Assassin,Regular,9,7,0,1,1,0.889,0.111,0.111,207,23.00,25.88,8,1
Orc Warrior,Assassin,Counterattack,9,6,1,1,1,0.778,0.111,0.111,70,7.78,10.00,0,1
Orc Warrior,Battle Mage,Regular,9,7,0,0,2,1.000,0.000,0.222,192,21.33,21.33,0,1
Orc Warrior,Battle Mage,Counterattack,6,5,1,0,0,0.833,0.000,0.000,15,2.50,3.00,0,1
Orc Warrior,Cleric,Regular,8,5,0,1,2,0.875,0.125,0.250,170,21.25,24.29,1,2
Orc Warrior,Cleric,Counterattack,5,2,2,0,1,0.600,0.000,0.200,22,4.40,7.33,0,2
Orc Warrior,Crossbowman,Regular,15,10,0,3,2,0.800,0.200,0.133,246,16.40,20.50,1,2
Orc Warrior,Crossbowman,Counterattack,16,9,5,2,0,0.562,0.125,0.000,27,1.69,3.00,0,2
Orc Warrior,Fighter,Regular,17,15,0,1,1,0.941,0.059,0.059,191,11.24,11.94,1,1
Orc Warrior,Fighter,Counterattack,15,11,3,0,1,0.800,0.000,0.067,14,0.93,1.17,0,2
Orc Warrior,Goblin Raider,Regular,9,6,0,2,1,0.778,0.222,0.111,190,21.11,27.14,7,1
Orc Warrior,Goblin Raider,Counterattack,9,7,1,1,0,0.778,0.111,0.000,70,7.78,10.00,0,1
Orc Warrior,Knight,Regular,23,22,0,0,1,1.000,0.000,0.043,176,7.65,7.65,5,1
Orc Warrior,Knight,Counterattack,24,15,5,2,2,0.708,0.083,0.083,17,0.71,1.00,1,2
Orc Warrior,Mage,Regular,3,3,0,0,0,1.000,0.000,0.000,57,19.00,19.00,0,2
Orc Warrior,Mage,Counterattack,2,2,0,0,0,1.000,0.000,0.000,8,4.00,4.00,0,2
Orc Warrior,Marksman,Regular,11,7,0,3,1,0.727,0.273,0.091,215,19.55,26.88,6,2
Orc Warrior,Marksman,Counterattack,6,2,2,1,1,0.500,0.167,0.167,37,6.17,12.33,0,1
Orc Warrior,Ogre,Regular,12,9,0,1,2,0.917,0.083,0.167,52,4.33,4.73,0,1
Orc Warrior,Ogre,Counterattack,9,6,2,1,0,0.667,0.111,0.000,6,0.67,1.00,0,1
Orc Warrior,Paladin,Regular,15,11,0,2,2,0.867,0.133,0.133,147,9.80,11.31,0,1
Orc Warrior,Paladin,Counterattack,16,10,4,1,1,0.688,0.062,0.062,11,0.69,1.00,0,2
Orc Warrior,Priest,Regular,6,5,0,0,1,1.000,0.000,0.167,153,25.50,25.50,3,1
Orc Warrior,Priest,Counterattack,3,3,0,0,0,1.000,0.000,0.000,24,8.00,8.00,0,1
Orc Warrior,Ranger,Regular,9,9,0,0,0,1.000,0.000,0.000,180,20.00,20.00,1,2
Orc Warrior,Ranger,Counterattack,6,3,0,3,0,0.500,0.500,0.000,15,2.50,5.00,0,2
Orc Warrior,Rogue,Regular,9,7,0,2,0,0.778,0.222,0.000,154,17.11,22.00,5,1
Orc Warrior,Rogue,Counterattack,6,6,0,0,0,1.000,0.000,0.000,42,7.00,7.00,0,1
Orc Warrior,Scout,Regular,10,6,0,3,1,0.700,0.300,0.100,176,17.60,25.14,7,2
Orc Warrior,Scout,Counterattack,11,9,2,0,0,0.818,0.000,0.000,72,6.55,8.00,0,2
Orc Warrior,Skeleton Archer,Regular,7,4,0,0,3,1.000,0.000,0.429,234,33.43,33.43,4,2
Orc Warrior,Skeleton Archer,Counterattack,3,3,0,0,0,1.000,0.000,0.000,36,12.00,12.00,0,1
Orc Warrior,Sorcerer,Regular,1,1,0,0,0,1.000,0.000,0.000,22,22.00,22.00,0,1
Orc Warrior,Sorcerer,Counterattack,1,1,0,0,0,1.000,0.000,0.000,7,7.00,7.00,0,1
Orc Warrior,Spearman,Regular,9,9,0,0,0,1.000,0.000,0.000,135,15.00,15.00,0,1
Orc Warrior,Spearman,Counterattack,9,6,2,0,1,0.778,0.000,0.111,13,1.44,1.86,0,1
Orc Warrior,Swordsman,Regular,18,14,0,2,2,0.889,0.111,0.111,302,16.78,18.88,0,2
Orc Warrior,Swordsman,Counterattack,15,9,2,1,3,0.800,0.067,0.200,45,3.00,3.75,0,2
Orc Warrior,Warlock,Regular,7,6,0,0,1,1.000,0.000,0.143,190,27.14,27.14,5,2
Orc Warrior,Warlock,Counterattack,6,3,0,0,3,1.000,0.000,0.500,81,13.50,13.50,0,2
Orc Warrior,Warrior,Regular,15,9,0,4,2,0.733,0.267,0.133,173,11.53,15.73,2,1
Orc Warrior,Warrior,Counterattack,12,7,4,0,1,0.667,0.000,0.083,12,1.00,1.50,1,1
Orc Warrior,Wizard,Regular,10,9,0,0,1,1.000,0.000,0.100,235,23.50,23.50,3,3
Orc Warrior,Wizard,Counterattack,4,3,1,0,0,0.750,0.000,0.000,21,5.25,7.00,0,1
Paladin,Archer,Regular,10,7,0,2,1,0.800,0.200,0.100,130,13.00,16.25,0,2
Paladin,Archer,Counterattack,7,4,1,2,0,0.571,0.286,0.000,20,2.86,5.00,2,2
Paladin,Assassin,Regular,15,10,0,5,0,0.667,0.333,0.000,140,9.33,14.00,2,3
Paladin,Assassin,Counterattack,15,8,1,6,0,0.533,0.400,0.000,32,2.13,4.00,0,1
Paladin,Battle Mage,Regular,18,11,0,4,3,0.778,0.222,0.167,142,7.89,10.14,2,1
Paladin,Battle Mage,Counterattack,18,9,4,3,2,0.611,0.167,0.111,15,0.83,1.36,0,1
Paladin,Cleric,Regular,13,9,0,3,1,0.769,0.231,0.077,110,8.46,11.00,3,1
Paladin,Cleric,Counterattack,10,7,2,0,1,0.800,0.000,0.100,12,1.20,1.50,0,1
Paladin,Crossbowman,Regular,21,17,0,1,3,0.952,0.048,0.143,190,9.05,9.50,2,4
Paladin,Crossbowman,Counterattack,28,18,7,3,0,0.643,0.107,0.000,18,0.64,1.00,0,5
Paladin,Fighter,Regular,34,26,0,3,5,0.912,0.088,0.147,81,2.38,2.61,0,7
Paladin,Fighter,Counterattack,31,17,7,4,3,0.645,0.129,0.097,20,0.65,1.00,0,8
Paladin,Goblin Raider,Regular,21,19,0,2,0,0.905,0.095,0.000,285,13.57,15.00,5,6
Paladin,Goblin Raider,Counterattack,30,17,5,6,2,0.633,0.200,0.067,105,3.50,5.53,3,6
Paladin,Knight,Regular,62,52,0,3,7,0.952,0.048,0.113,101,1.63,1.71,1,5
Paladin,Knight,Counterattack,53,29,13,3,8,0.698,0.057,0.151,37,0.70,1.00,0,5
Paladin,Mage,Regular,4,4,0,0,0,1.000,0.000,0.000,36,9.00,9.00,0,2
Paladin,Mage,Counterattack,1,1,0,0,0,1.000,0.000,0.000,1,1.00,1.00,0,1
Paladin,Marksman,Regular,19,16,0,2,1,0.895,0.105,0.053,265,13.95,15.59,8,6
Paladin,Marksman,Counterattack,15,7,4,3,1,0.533,0.200,0.067,45,3.00,5.62,0,3
Paladin,Ogre,Regular,33,27,0,2,4,0.939,0.061,0.121,35,1.06,1.13,0,1
Paladin,Ogre,Counterattack,33,21,8,3,1,0.667,0.091,0.030,22,0.67,1.00,2,1
Paladin,Orc Warrior,Regular,12,10,0,2,0,0.833,0.167,0.000,10,0.83,1.00,0,2
Paladin,Orc Warrior,Counterattack,8,6,1,0,1,0.875,0.000,0.125,7,0.88,1.00,0,1
Paladin,Paladin,Regular,23,16,0,4,3,0.826,0.174,0.130,43,1.87,2.26,1,4
Paladin,Paladin,Counterattack,18,9,6,3,0,0.500,0.167,0.000,9,0.50,1.00,0,4
Paladin,Ranger,Regular,21,16,0,3,2,0.857,0.143,0.095,200,9.52,11.11,4,3
Paladin,Ranger,Counterattack,22,13,4,4,1,0.636,0.182,0.045,18,0.82,1.29,0,2
Paladin,Rogue,Regular,23,16,0,5,2,0.783,0.217,0.087,236,10.26,13.11,7,2
Paladin,Rogue,Counterattack,29,13,9,3,4,0.586,0.103,0.138,54,1.86,3.18,1,3
Paladin,Scout,Regular,9,6,0,2,1,0.778,0.222,0.111,101,11.22,14.43,0,1
Paladin,Scout,Counterattack,9,7,2,0,0,0.778,0.000,0.000,21,2.33,3.00,0,1
Paladin,Skeleton Archer,Regular,12,10,0,1,1,0.917,0.083,0.083,197,16.42,17.91,10,4
Paladin,Skeleton Archer,Counterattack,10,9,1,0,0,0.900,0.000,0.000,63,6.30,7.00,0,2
Paladin,Sorcerer,Regular,5,4,0,1,0,0.800,0.200,0.000,48,9.60,12.00,0,3
Paladin,Spearman,Regular,30,21,0,4,5,0.867,0.133,0.167,180,6.00,6.92,2,3
Paladin,Spearman,Counterattack,43,26,9,4,4,0.698,0.093,0.093,30,0.70,1.00,3,4
Paladin,Swordsman,Regular,18,16,0,1,1,0.944,0.056,0.056,129,7.17,7.59,3,2
Paladin,Swordsman,Counterattack,17,6,7,2,2,0.471,0.118,0.118,10,0.59,1.25,0,2
Paladin,Warlock,Regular,15,12,0,2,1,0.867,0.133,0.067,205,13.67,15.77,9,4
Paladin,Warlock,Counterattack,11,9,0,1,1,0.909,0.091,0.091,55,5.00,5.50,0,3
Paladin,Warrior,Regular,39,29,0,5,5,0.872,0.128,0.128,152,3.90,4.47,5,6
Paladin,Warrior,Counterattack,36,20,7,4,5,0.694,0.111,0.139,25,0.69,1.00,0,6
Paladin,Wizard,Regular,14,11,0,0,3,1.000,0.000,0.214,198,14.14,14.14,4,5
Paladin,Wizard,Counterattack,20,14,3,2,1,0.750,0.100,0.050,35,1.75,2.33,0,5
Priest,Archer,Regular,7,7,0,0,0,1.000,0.000,0.000,231,33.00,33.00,7,3
Priest,Archer,Counterattack,9,6,2,1,0,0.667,0.111,0.000,96,10.67,16.00,0,1
Priest,Assassin,Regular,5,4,0,1,0,0.800,0.200,0.000,132,26.40,33.00,2,3
Priest,Assassin,Counterattack,3,2,1,0,0,0.667,0.000,0.000,32,10.67,16.00,0,1
Priest,Battle Mage,Regular,9,9,0,0,0,1.000,0.000,0.000,216,24.00,24.00,0,1
Priest,Cleric,Regular,1,0,0,1,0,0.000,1.000,0.000,0,0.00,0.00,0,1
Priest,Crossbowman,Regular,6,6,0,0,0,1.000,0.000,0.000,198,33.00,33.00,6,1
Priest,Crossbowman,Counterattack,9,7,2,0,0,0.778,0.000,0.000,112,12.44,16.00,0,1
Priest,Fighter,Regular,3,2,0,1,0,0.667,0.333,0.000,57,19.00,28.50,0,1
Priest,Fighter,Counterattack,3,3,0,0,0,1.000,0.000,0.000,40,13.33,13.33,0,1
Priest,Goblin Raider,Regular,3,3,0,0,0,1.000,0.000,0.000,99,33.00,33.00,3,1
Priest,Goblin Raider,Counterattack,9,5,4,0,0,0.556,0.000,0.000,80,8.89,16.00,0,1
Priest,Knight,Regular,22,16,0,4,2,0.818,0.182,0.091,529,24.05,29.39,8,6
Priest,Knight,Counterattack,8,4,4,0,0,0.500,0.000,0.000,50,6.25,12.50,0,1
Priest,Marksman,Regular,11,8,0,1,2,0.909,0.091,0.182,362,32.91,36.20,3,3
Priest,Ogre,Regular,3,3,0,0,0,1.000,0.000,0.000,99,33.00,33.00,0,1
Priest,Orc Warrior,Regular,11,10,0,1,0,0.909,0.091,0.000,211,19.18,21.10,4,2
Priest,Orc Warrior,Counterattack,9,7,0,1,1,0.889,0.111,0.111,97,10.78,12.12,0,2
Priest,Paladin,Regular,20,18,0,1,1,0.950,0.050,0.050,496,24.80,26.11,1,6
Priest,Ranger,Regular,9,6,0,2,1,0.778,0.222,0.111,205,22.78,29.29,7,1
Priest,Ranger,Counterattack,9,7,2,0,0,0.778,0.000,0.000,83,9.22,11.86,0,1
Priest,Rogue,Regular,9,6,0,2,1,0.778,0.222,0.111,247,27.44,35.29,1,1
Priest,Scout,Regular,9,8,0,1,0,0.889,0.111,0.000,244,27.11,30.50,8,1
Priest,Scout,Counterattack,9,4,3,2,0,0.444,0.222,0.000,60,6.67,15.00,0,1
Priest,Skeleton Archer,Regular,10,6,0,3,1,0.700,0.300,0.100,240,24.00,34.29,7,2
Priest,Skeleton Archer,Counterattack,1,1,0,0,0,1.000,0.000,0.000,15,15.00,15.00,0,1
Priest,Sorcerer,Regular,11,10,0,1,0,0.909,0.091,0.000,260,23.64,26.00,1,3
Priest,Sorcerer,Counterattack,1,1,0,0,0,1.000,0.000,0.000,9,9.00,9.00,0,1
Priest,Spearman,Regular,6,5,0,1,0,0.833,0.167,0.000,135,22.50,27.00,3,1
Priest,Spearman,Counterattack,6,2,2,0,2,0.667,0.000,0.333,59,9.83,14.75,0,1
Priest,Swordsman,Regular,17,14,0,3,0,0.824,0.176,0.000,462,27.18,33.00,3,4
Priest,Swordsman,Counterattack,1,1,0,0,0,1.000,0.000,0.000,16,16.00,16.00,0,1
Priest,Warlock,Regular,7,7,0,0,0,1.000,0.000,0.000,189,27.00,27.00,3,2
Priest,Warlock,Counterattack,9,4,3,1,1,0.556,0.111,0.111,58,6.44,11.60,0,1
Priest,Warrior,Regular,7,6,0,1,0,0.857,0.143,0.000,198,28.29,33.00,6,2
Priest,Warrior,Counterattack,6,4,1,0,1,0.833,0.000,0.167,88,14.67,17.60,0,1
Priest,Wizard,Regular,20,16,0,0,4,1.000,0.000,0.200,584,29.20,29.20,4,6
Priest,Wizard,Counterattack,1,0,1,0,0,0.000,0.000,0.000,0,0.00,0.00,0,1
Ranger,Archer,Regular,4,2,0,2,0,0.500,0.500,0.000,30,7.50,15.00,1,2
Ranger,Archer,Counterattack,3,1,1,0,1,0.667,0.000,0.333,18,6.00,9.00,0,1
Ranger,Assassin,Regular,2,2,0,0,0,1.000,0.000,0.000,30,15.00,15.00,0,1
Ranger,Assassin,Counterattack,2,0,1,1,0,0.000,0.500,0.000,0,0.00,0.00,0,1
Ranger,Battle Mage,Regular,6,5,0,1,0,0.833,0.167,0.000,40,6.67,8.00,0,1
Ranger,Battle Mage,Counterattack,3,3,0,0,0,1.000,0.000,0.000,3,1.00,1.00,0,1
Ranger,Cleric,Regular,4,4,0,0,0,1.000,0.000,0.000,28,7.00,7.00,1,1
Ranger,Cleric,Counterattack,4,1,0,0,3,1.000,0.000,0.750,13,3.25,3.25,0,1
Ranger,Crossbowman,Regular,3,2,0,1,0,0.667,0.333,0.000,30,10.00,15.00,0,1
Ranger,Crossbowman,Counterattack,3,3,0,0,0,1.000,0.000,0.000,21,7.00,7.00,0,1
Ranger,Fighter,Regular,2,2,0,0,0,1.000,0.000,0.000,26,13.00,13.00,0,2
Ranger,Fighter,Counterattack,1,0,1,0,0,0.000,0.000,0.000,0,0.00,0.00,0,1
Ranger,Goblin Raider,Regular,3,1,0,0,2,1.000,0.000,0.667,59,19.67,19.67,0,1
Ranger,Knight,Regular,11,6,0,0,5,1.000,0.000,0.455,179,16.27,16.27,2,5
Ranger,Knight,Counterattack,6,1,2,1,2,0.500,0.167,0.333,24,4.00,8.00,0,3
Ranger,Marksman,Regular,3,2,0,0,1,1.000,0.000,0.333,52,17.33,17.33,0,1
Ranger,Ogre,Regular,6,5,0,1,0,0.833,0.167,0.000,75,12.50,15.00,3,1
Ranger,Ogre,Counterattack,3,1,1,0,1,0.667,0.000,0.333,18,6.00,9.00,0,1
Ranger,Orc Warrior,Regular,7,5,0,0,2,1.000,0.000,0.286,95,13.57,13.57,1,2
Ranger,Orc Warrior,Counterattack,6,2,1,2,1,0.500,0.333,0.167,17,2.83,5.67,0,1
Ranger,Paladin,Regular,6,5,0,0,1,1.000,0.000,0.167,46,7.67,7.67,0,1
Ranger,Paladin,Counterattack,3,1,0,1,1,0.667,0.333,0.333,5,1.67,2.50,0,1
Ranger,Priest,Regular,3,1,0,0,2,1.000,0.000,0.667,31,10.33,10.33,0,1
Ranger,Ranger,Regular,1,0,0,0,1,1.000,0.000,1.000,20,20.00,20.00,0,1
Ranger,Rogue,Regular,3,3,0,0,0,1.000,0.000,0.000,45,15.00,15.00,0,1
Ranger,Scout,Regular,3,3,0,0,0,1.000,0.000,0.000,39,13.00,13.00,0,1
Ranger,Skeleton Archer,Regular,3,3,0,0,0,1.000,0.000,0.000,42,14.00,14.00,0,1
Ranger,Sorcerer,Regular,1,1,0,0,0,1.000,0.000,0.000,8,8.00,8.00,0,1
Ranger,Spearman,Regular,4,3,0,0,1,1.000,0.000,0.250,45,11.25,11.25,1,1
Ranger,Spearman,Counterattack,1,0,0,0,1,1.000,0.000,1.000,7,7.00,7.00,0,1
Ranger,Swordsman,Regular,1,1,0,0,0,1.000,0.000,0.000,15,15.00,15.00,0,1
Ranger,Swordsman,Counterattack,1,1,0,0,0,1.000,0.000,0.000,7,7.00,7.00,0,1
Ranger,Warlock,Regular,6,3,0,2,1,0.667,0.333,0.167,43,7.17,10.75,2,1
Ranger,Warlock,Counterattack,3,2,0,1,0,0.667,0.333,0.000,2,0.67,1.00,0,1
Ranger,Warrior,Regular,13,9,0,1,3,0.923,0.077,0.231,139,10.69,11.58,3,4
Ranger,Warrior,Counterattack,8,1,4,0,3,0.500,0.000,0.375,25,3.12,6.25,1,3
Ranger,Wizard,Regular,5,5,0,0,0,1.000,0.000,0.000,40,8.00,8.00,1,1
Ranger,Wizard,Counterattack,2,0,2,0,0,0.000,0.000,0.000,0,0.00,0.00,0,1
Rogue,Orc Warrior,Regular,3,2,0,0,1,1.000,0.000,0.333,3,1.00,1.00,0,1
Rogue,Orc Warrior,Counterattack,3,2,0,0,1,1.000,0.000,0.333,3,1.00,1.00,0,1
Scout,Archer,Regular,12,8,0,2,2,0.833,0.167,0.167,114,9.50,11.40,5,1
Scout,Archer,Counterattack,9,5,1,1,2,0.778,0.111,0.222,22,2.44,3.14,0,1
Scout,Assassin,Regular,1,0,0,1,0,0.000,1.000,0.000,0,0.00,0.00,0,1
Scout,Assassin,Counterattack,1,0,0,1,0,0.000,1.000,0.000,0,0.00,0.00,0,1
Scout,Battle Mage,Regular,3,1,0,1,1,0.667,0.333,0.333,10,3.33,5.00,0,1
Scout,Battle Mage,Counterattack,3,1,1,0,1,0.667,0.000,0.333,2,0.67,1.00,0,1
Scout,Cleric,Regular,23,15,0,5,3,0.783,0.217,0.130,103,4.48,5.72,2,2
Scout,Cleric,Counterattack,22,11,1,1,9,0.909,0.045,0.409,20,0.91,1.00,1,1
Scout,Crossbowman,Regular,8,6,0,0,2,1.000,0.000,0.250,38,4.75,4.75,0,1
Scout,Crossbowman,Counterattack,5,1,2,1,1,0.400,0.200,0.200,2,0.40,1.00,0,1
Scout,Fighter,Regular,4,4,0,0,0,1.000,0.000,0.000,4,1.00,1.00,0,2
Scout,Fighter,Counterattack,2,2,0,0,0,1.000,0.000,0.000,2,1.00,1.00,0,1
Scout,Goblin Raider,Regular,11,5,0,4,2,0.636,0.364,0.182,84,7.64,12.00,3,1
Scout,Goblin Raider,Counterattack,11,5,3,0,3,0.727,0.000,0.273,28,2.55,3.50,1,1
Scout,Knight,Regular,5,4,0,0,1,1.000,0.000,0.200,5,1.00,1.00,0,3
Scout,Knight,Counterattack,3,0,0,2,1,0.333,0.667,0.333,1,0.33,1.00,0,1
Scout,Mage,Regular,3,3,0,0,0,1.000,0.000,0.000,10,3.33,3.33,0,1
Scout,Marksman,Regular,9,2,0,1,6,0.889,0.111,0.667,122,13.56,15.25,4,1
Scout,Marksman,Counterattack,9,4,2,1,2,0.667,0.111,0.222,20,2.22,3.33,0,1
Scout,Ogre,Regular,33,25,0,2,6,0.939,0.061,0.182,31,0.94,1.00,2,1
Scout,Ogre,Counterattack,33,20,6,1,6,0.788,0.030,0.182,26,0.79,1.00,0,1
Scout,Orc Warrior,Regular,7,4,0,0,3,1.000,0.000,0.429,9,1.29,1.29,0,2
Scout,Orc Warrior,Counterattack,3,2,0,0,1,1.000,0.000,0.333,3,1.00,1.00,0,1
Scout,Paladin,Regular,7,5,0,1,1,0.857,0.143,0.143,6,0.86,1.00,0,2
Scout,Paladin,Counterattack,3,3,0,0,0,1.000,0.000,0.000,3,1.00,1.00,0,1
Scout,Priest,Regular,3,2,0,0,1,1.000,0.000,0.333,21,7.00,7.00,0,1
Scout,Ranger,Regular,26,18,0,5,3,0.808,0.192,0.115,119,4.58,5.67,4,1
Scout,Ranger,Counterattack,26,9,9,6,2,0.423,0.231,0.077,11,0.42,1.00,0,1
Scout,Rogue,Regular,18,11,0,4,3,0.778,0.222,0.167,119,6.61,8.50,5,1
Scout,Rogue,Counterattack,18,8,4,5,1,0.500,0.278,0.056,11,0.61,1.22,0,1
Scout,Skeleton Archer,Regular,6,3,0,0,3,1.000,0.000,0.500,93,15.50,15.50,3,1
Scout,Skeleton Archer,Counterattack,3,2,0,0,1,1.000,0.000,0.333,16,5.33,5.33,0,1
Scout,Sorcerer,Regular,3,2,0,0,1,1.000,0.000,0.333,28,9.33,9.33,0,1
Scout,Spearman,Regular,2,1,0,0,1,1.000,0.000,0.500,8,4.00,4.00,0,1
Scout,Spearman,Counterattack,2,1,0,0,1,1.000,0.000,0.500,2,1.00,1.00,0,1
Scout,Swordsman,Regular,4,4,0,0,0,1.000,0.000,0.000,8,2.00,2.00,0,2
Scout,Swordsman,Counterattack,2,1,0,0,1,1.000,0.000,0.500,2,1.00,1.00,0,1
Scout,Warlock,Regular,9,5,0,1,3,0.889,0.111,0.333,101,11.22,12.62,1,1
Scout,Warlock,Counterattack,6,5,1,0,0,0.833,0.000,0.000,10,1.67,2.00,1,1
Scout,Warrior,Regular,7,5,0,1,1,0.857,0.143,0.143,10,1.43,1.67,0,2
Scout,Warrior,Counterattack,3,2,1,0,0,0.667,0.000,0.000,2,0.67,1.00,0,1
Scout,Wizard,Regular,14,10,0,0,4,1.000,0.000,0.286,126,9.00,9.00,3,1
Scout,Wizard,Counterattack,11,4,4,1,2,0.545,0.091,0.182,10,0.91,1.67,0,1
Skeleton Archer,Archer,Regular,15,9,0,4,2,0.733,0.267,0.133,107,7.13,9.73,4,1
Skeleton Archer,Archer,Counterattack,9,8,1,0,0,0.889,0.000,0.000,32,3.56,4.00,0,1
Skeleton Archer,Assassin,Regular,4,4,0,0,0,1.000,0.000,0.000,36,9.00,9.00,1,2
Skeleton Archer,Battle Mage,Regular,9,6,0,0,3,1.000,0.000,0.333,40,4.44,4.44,0,1
Skeleton Archer,Cleric,Regular,33,26,0,1,6,0.970,0.030,0.182,96,2.91,3.00,2,2
Skeleton Archer,Cleric,Counterattack,24,15,4,1,4,0.792,0.042,0.167,19,0.79,1.00,1,1
Skeleton Archer,Crossbowman,Regular,15,12,0,1,2,0.933,0.067,0.133,134,8.93,9.57,5,1
Skeleton Archer,Crossbowman,Counterattack,9,8,1,0,0,0.889,0.000,0.000,32,3.56,4.00,0,1
Skeleton Archer,Fighter,Regular,10,8,0,0,2,1.000,0.000,0.200,78,7.80,7.80,0,2
Skeleton Archer,Fighter,Counterattack,1,1,0,0,0,1.000,0.000,0.000,4,4.00,4.00,0,1
Skeleton Archer,Goblin Raider,Regular,12,8,0,0,4,1.000,0.000,0.333,112,9.33,9.33,0,3
Skeleton Archer,Goblin Raider,Counterattack,13,6,4,2,1,0.538,0.154,0.077,30,2.31,4.29,1,2
Skeleton Archer,Knight,Regular,30,23,0,3,4,0.900,0.100,0.133,190,6.33,7.04,1,6
Skeleton Archer,Knight,Counterattack,15,10,4,1,0,0.667,0.067,0.000,25,1.67,2.50,1,3
Skeleton Archer,Mage,Regular,9,8,0,0,1,1.000,0.000,0.111,25,2.78,2.78,0,1
Skeleton Archer,Marksman,Regular,15,9,0,5,1,0.667,0.333,0.067,94,6.27,9.40,2,2
Skeleton Archer,Marksman,Counterattack,11,5,3,1,2,0.636,0.091,0.182,32,2.91,4.57,0,1
Skeleton Archer,Ogre,Regular,6,5,0,0,1,1.000,0.000,0.167,58,9.67,9.67,0,1
Skeleton Archer,Ogre,Counterattack,3,2,1,0,0,0.667,0.000,0.000,8,2.67,4.00,0,1
Skeleton Archer,Orc Warrior,Regular,10,7,0,0,3,1.000,0.000,0.300,66,6.60,6.60,1,3
Skeleton Archer,Orc Warrior,Counterattack,6,4,1,0,1,0.833,0.000,0.167,14,2.33,2.80,0,1
Skeleton Archer,Paladin,Regular,26,22,0,0,4,1.000,0.000,0.154,116,4.46,4.46,0,5
Skeleton Archer,Paladin,Counterattack,12,4,5,0,3,0.583,0.000,0.250,9,0.75,1.29,0,3
Skeleton Archer,Priest,Regular,1,1,0,0,0,1.000,0.000,0.000,1,1.00,1.00,0,1
Skeleton Archer,Ranger,Regular,18,13,0,2,3,0.889,0.111,0.167,100,5.56,6.25,2,1
Skeleton Archer,Ranger,Counterattack,20,13,6,1,0,0.650,0.050,0.000,18,0.90,1.38,2,1
Skeleton Archer,Rogue,Regular,15,10,0,2,3,0.867,0.133,0.200,129,8.60,9.92,6,1
Skeleton Archer,Rogue,Counterattack,9,7,0,2,0,0.778,0.222,0.000,28,3.11,4.00,0,1
Skeleton Archer,Scout,Regular,9,6,0,2,1,0.778,0.222,0.111,61,6.78,8.71,0,1
Skeleton Archer,Scout,Counterattack,9,4,4,0,1,0.556,0.000,0.111,18,2.00,3.60,0,1
Skeleton Archer,Sorcerer,Regular,10,7,0,1,2,0.900,0.100,0.200,26,2.60,2.89,0,2
Skeleton Archer,Spearman,Regular,9,8,0,1,0,0.889,0.111,0.000,54,6.00,6.75,0,1
Skeleton Archer,Swordsman,Regular,12,10,0,1,1,0.917,0.083,0.083,103,8.58,9.36,0,4
Skeleton Archer,Swordsman,Counterattack,1,1,0,0,0,1.000,0.000,0.000,4,4.00,4.00,0,1
Skeleton Archer,Warlock,Regular,28,21,0,2,5,0.929,0.071,0.179,98,3.50,3.77,5,2
Skeleton Archer,Warlock,Counterattack,18,11,4,0,3,0.778,0.000,0.167,14,0.78,1.00,0,1
Skeleton Archer,Warrior,Regular,24,19,0,3,2,0.875,0.125,0.083,179,7.46,8.52,3,5
Skeleton Archer,Warrior,Counterattack,8,3,1,0,4,0.875,0.000,0.500,34,4.25,4.86,0,3
Skeleton Archer,Wizard,Regular,46,31,0,4,11,0.913,0.087,0.239,128,2.78,3.05,4,3
Skeleton Archer,Wizard,Counterattack,31,17,7,2,5,0.710,0.065,0.161,22,0.71,1.00,0,2
Sorcerer,Archer,Regular,12,9,0,1,2,0.917,0.083,0.167,504,42.00,45.82,11,5
Sorcerer,Archer,Counterattack,10,5,2,2,1,0.600,0.200,0.100,136,13.60,22.67,0,2
Sorcerer,Assassin,Regular,11,10,0,1,0,0.909,0.091,0.000,420,38.18,42.00,10,3
Sorcerer,Battle Mage,Regular,9,7,0,0,2,1.000,0.000,0.222,319,35.44,35.44,9,1
Sorcerer,Battle Mage,Counterattack,10,7,2,0,1,0.800,0.000,0.100,116,11.60,14.50,0,2
Sorcerer,Cleric,Regular,3,3,0,0,0,1.000,0.000,0.000,85,28.33,28.33,2,1
Sorcerer,Cleric,Counterattack,4,2,2,0,0,0.500,0.000,0.000,27,6.75,13.50,1,1
Sorcerer,Crossbowman,Regular,5,4,0,1,0,0.800,0.200,0.000,168,33.60,42.00,4,3
Sorcerer,Crossbowman,Counterattack,9,4,2,2,1,0.556,0.222,0.111,115,12.78,23.00,0,1
Sorcerer,Fighter,Regular,9,8,0,0,1,1.000,0.000,0.111,350,38.89,38.89,7,3
Sorcerer,Fighter,Counterattack,7,4,1,0,2,0.857,0.000,0.286,124,17.71,20.67,0,2
Sorcerer,Goblin Raider,Regular,9,7,0,1,1,0.889,0.111,0.111,357,39.67,44.62,8,1
Sorcerer,Knight,Regular,21,17,0,2,2,0.905,0.095,0.095,668,31.81,35.16,4,8
Sorcerer,Knight,Counterattack,5,3,0,0,2,1.000,0.000,0.400,125,25.00,25.00,2,3
Sorcerer,Mage,Regular,15,12,0,1,2,0.933,0.067,0.133,514,34.27,36.71,2,3
Sorcerer,Marksman,Regular,9,4,0,2,3,0.778,0.222,0.333,357,39.67,51.00,7,1
Sorcerer,Ogre,Regular,3,1,0,2,0,0.333,0.667,0.000,42,14.00,42.00,0,1
Sorcerer,Ogre,Counterattack,3,2,0,0,1,1.000,0.000,0.333,73,24.33,24.33,3,1
Sorcerer,Orc Warrior,Regular,15,12,0,2,1,0.867,0.133,0.067,434,28.93,33.38,6,2
Sorcerer,Orc Warrior,Counterattack,4,2,1,0,1,0.750,0.000,0.250,73,18.25,24.33,0,2
Sorcerer,Paladin,Regular,21,18,0,0,3,1.000,0.000,0.143,761,36.24,36.24,11,8
Sorcerer,Paladin,Counterattack,11,8,3,0,0,0.727,0.000,0.000,112,10.18,14.00,0,3
Sorcerer,Priest,Regular,2,2,0,0,0,1.000,0.000,0.000,46,23.00,23.00,1,1
Sorcerer,Priest,Counterattack,1,1,0,0,0,1.000,0.000,0.000,16,16.00,16.00,0,1
Sorcerer,Ranger,Regular,11,8,0,1,2,0.909,0.091,0.182,408,37.09,40.80,6,2
Sorcerer,Ranger,Counterattack,1,1,0,0,0,1.000,0.000,0.000,15,15.00,15.00,0,1
Sorcerer,Rogue,Regular,10,7,0,1,2,0.900,0.100,0.200,420,42.00,46.67,9,2
Sorcerer,Scout,Regular,5,5,0,0,0,1.000,0.000,0.000,210,42.00,42.00,5,3
Sorcerer,Scout,Counterattack,9,4,4,0,1,0.556,0.000,0.111,105,11.67,21.00,0,1
Sorcerer,Skeleton Archer,Regular,1,0,0,1,0,0.000,1.000,0.000,0,0.00,0.00,0,1
Sorcerer,Skeleton Archer,Counterattack,9,8,1,0,0,0.889,0.000,0.000,160,17.78,20.00,0,1
Sorcerer,Spearman,Regular,6,2,0,4,0,0.333,0.667,0.000,58,9.67,29.00,2,1
Sorcerer,Spearman,Counterattack,6,3,2,0,1,0.667,0.000,0.167,70,11.67,17.50,0,1
Sorcerer,Swordsman,Regular,11,9,0,0,2,1.000,0.000,0.182,504,45.82,45.82,3,6
Sorcerer,Swordsman,Counterattack,2,1,0,1,0,0.500,0.500,0.000,21,10.50,21.00,0,2
Sorcerer,Warlock,Regular,19,16,0,2,1,0.895,0.105,0.053,633,33.32,37.24,17,3
Sorcerer,Warlock,Counterattack,1,0,0,1,0,0.000,1.000,0.000,0,0.00,0.00,0,1
Sorcerer,Warrior,Regular,12,11,0,1,0,0.917,0.083,0.000,417,34.75,37.91,8,6
Sorcerer,Warrior,Counterattack,8,5,1,2,0,0.625,0.250,0.000,97,12.12,19.40,0,3
Sorcerer,Wizard,Regular,17,13,0,1,3,0.941,0.059,0.176,623,36.65,38.94,3,5
Sorcerer,Wizard,Counterattack,1,0,1,0,0,0.000,0.000,0.000,0,0.00,0.00,0,1
Spearman,Archer,Regular,9,5,0,3,1,0.667,0.333,0.111,113,12.56,18.83,0,1
Spearman,Assassin,Regular,11,5,0,3,3,0.727,0.273,0.273,161,14.64,20.12,2,3
Spearman,Assassin,Counterattack,7,5,1,1,0,0.714,0.143,0.000,25,3.57,5.00,0,2
Spearman,Battle Mage,Regular,18,11,0,3,4,0.833,0.167,0.222,162,9.00,10.80,5,1
Spearman,Battle Mage,Counterattack,18,11,2,1,4,0.833,0.056,0.222,25,1.39,1.67,0,1
Spearman,Cleric,Regular,12,9,0,2,1,0.833,0.167,0.083,105,8.75,10.50,1,2
Spearman,Cleric,Counterattack,13,5,2,1,5,0.769,0.077,0.385,28,2.15,2.80,2,1
Spearman,Crossbowman,Regular,15,12,0,2,1,0.867,0.133,0.067,141,9.40,10.85,4,1
Spearman,Crossbowman,Counterattack,6,4,1,0,1,0.833,0.000,0.167,8,1.33,1.60,0,1
Spearman,Fighter,Regular,6,5,0,1,0,0.833,0.167,0.000,11,1.83,2.20,0,1
Spearman,Fighter,Counterattack,6,3,2,0,1,0.667,0.000,0.167,4,0.67,1.00,0,1
Spearman,Goblin Raider,Regular,9,7,0,1,1,0.889,0.111,0.111,147,16.33,18.38,0,1
Spearman,Knight,Regular,45,37,0,3,5,0.933,0.067,0.111,74,1.64,1.76,1,2
Spearman,Knight,Counterattack,30,21,5,1,3,0.800,0.033,0.100,24,0.80,1.00,0,2
Spearman,Marksman,Regular,10,7,0,2,1,0.800,0.200,0.100,147,14.70,18.38,5,2
Spearman,Marksman,Counterattack,10,8,1,1,0,0.800,0.100,0.000,48,4.80,6.00,0,2
Spearman,Ogre,Regular,21,16,0,0,5,1.000,0.000,0.238,41,1.95,1.95,0,1
Spearman,Ogre,Counterattack,24,16,5,3,0,0.667,0.125,0.000,16,0.67,1.00,2,1
Spearman,Orc Warrior,Regular,18,14,0,2,2,0.889,0.111,0.111,39,2.17,2.44,0,1
Spearman,Orc Warrior,Counterattack,9,6,1,1,1,0.778,0.111,0.111,7,0.78,1.00,0,1
Spearman,Paladin,Regular,89,70,0,5,14,0.944,0.056,0.157,218,2.45,2.60,4,5
Spearman,Paladin,Counterattack,50,33,7,3,7,0.800,0.060,0.140,40,0.80,1.00,0,3
Spearman,Priest,Regular,9,7,0,1,1,0.889,0.111,0.111,90,10.00,11.25,0,1
Spearman,Ranger,Regular,9,8,0,0,1,1.000,0.000,0.111,105,11.67,11.67,0,1
Spearman,Ranger,Counterattack,11,3,5,1,2,0.455,0.091,0.182,14,1.27,2.80,1,1
Spearman,Rogue,Regular,10,8,0,0,2,1.000,0.000,0.200,162,16.20,16.20,0,2
Spearman,Rogue,Counterattack,1,1,0,0,0,1.000,0.000,0.000,3,3.00,3.00,0,1
Spearman,Scout,Regular,12,6,0,5,1,0.583,0.417,0.083,107,8.92,15.29,2,1
Spearman,Scout,Counterattack,6,4,0,1,1,0.833,0.167,0.167,22,3.67,4.40,1,1
Spearman,Skeleton Archer,Regular,9,9,0,0,0,1.000,0.000,0.000,171,19.00,19.00,9,1
Spearman,Skeleton Archer,Counterattack,9,5,2,1,1,0.667,0.111,0.111,53,5.89,8.83,0,1
Spearman,Sorcerer,Regular,11,6,0,2,3,0.818,0.182,0.273,159,14.45,17.67,1,2
Spearman,Sorcerer,Counterattack,2,1,1,0,0,0.500,0.000,0.000,3,1.50,3.00,1,1
Spearman,Swordsman,Regular,32,24,0,6,2,0.812,0.188,0.062,256,8.00,9.85,3,5
Spearman,Swordsman,Counterattack,13,6,4,0,3,0.692,0.000,0.231,15,1.15,1.67,0,4
Spearman,Warlock,Regular,9,7,0,1,1,0.889,0.111,0.111,147,16.33,18.38,6,1
Spearman,Warlock,Counterattack,9,6,1,1,1,0.778,0.111,0.111,47,5.22,6.71,0,1
Spearman,Warrior,Regular,21,15,0,1,5,0.952,0.048,0.238,155,7.38,7.75,2,1
Spearman,Warrior,Counterattack,12,8,2,2,0,0.667,0.167,0.000,8,0.67,1.00,0,1
Spearman,Wizard,Regular,18,13,0,1,4,0.944,0.056,0.222,282,15.67,16.59,2,4
Spearman,Wizard,Counterattack,3,2,1,0,0,0.667,0.000,0.000,6,2.00,3.00,0,2
Swordsman,Archer,Regular,6,4,0,1,1,0.833,0.167,0.167,107,17.83,21.40,5,1
Swordsman,Archer,Counterattack,9,3,1,1,4,0.778,0.111,0.444,73,8.11,10.43,0,1
Swordsman,Assassin,Regular,9,6,0,2,1,0.778,0.222,0.111,138,15.33,19.71,3,1
Swordsman,Assassin,Counterattack,9,5,2,0,2,0.778,0.000,0.222,54,6.00,7.71,0,1
Swordsman,Battle Mage,Regular,12,7,0,1,4,0.917,0.083,0.333,158,13.17,14.36,3,1
Swordsman,Battle Mage,Counterattack,18,10,4,1,3,0.722,0.056,0.167,22,1.22,1.69,3,1
Swordsman,Cleric,Regular,13,10,0,3,0,0.769,0.231,0.000,107,8.23,10.70,3,1
Swordsman,Cleric,Counterattack,13,7,4,0,2,0.692,0.000,0.154,23,1.77,2.56,0,1
Swordsman,Crossbowman,Regular,21,16,0,3,2,0.857,0.143,0.095,240,11.43,13.33,7,4
Swordsman,Crossbowman,Counterattack,19,11,3,2,3,0.737,0.105,0.158,29,1.53,2.07,1,3
Swordsman,Fighter,Regular,9,6,0,1,2,0.889,0.111,0.222,58,6.44,7.25,0,3
Swordsman,Fighter,Counterattack,13,9,1,2,1,0.769,0.154,0.077,10,0.77,1.00,0,5
Swordsman,Goblin Raider,Regular,29,22,0,2,5,0.931,0.069,0.172,564,19.45,20.89,11,6
Swordsman,Goblin Raider,Counterattack,45,23,12,5,5,0.622,0.111,0.111,226,5.02,8.07,2,4
Swordsman,Knight,Regular,27,16,0,3,8,0.889,0.111,0.296,75,2.78,3.12,0,1
Swordsman,Knight,Counterattack,28,17,4,2,5,0.786,0.071,0.179,22,0.79,1.00,1,1
Swordsman,Mage,Regular,10,9,0,0,1,1.000,0.000,0.100,129,12.90,12.90,0,2
Swordsman,Mage,Counterattack,1,0,0,1,0,0.000,1.000,0.000,0,0.00,0.00,0,1
Swordsman,Marksman,Regular,11,8,0,1,2,0.909,0.091,0.182,214,19.45,21.40,7,2
Swordsman,Marksman,Counterattack,13,7,3,1,2,0.692,0.077,0.154,75,5.77,8.33,0,3
Swordsman,Ogre,Regular,25,16,0,1,8,0.960,0.040,0.320,80,3.20,3.33,2,2
Swordsman,Ogre,Counterattack,26,17,2,3,4,0.808,0.115,0.154,21,0.81,1.00,0,3
Swordsman,Orc Warrior,Regular,28,21,0,2,5,0.929,0.071,0.179,97,3.46,3.73,0,3
Swordsman,Orc Warrior,Counterattack,18,9,5,1,3,0.667,0.056,0.167,12,0.67,1.00,0,2
Swordsman,Paladin,Regular,61,46,0,5,10,0.918,0.082,0.164,224,3.67,4.00,5,5
Swordsman,Paladin,Counterattack,45,28,6,2,9,0.822,0.044,0.200,37,0.82,1.00,1,5
Swordsman,Ranger,Regular,15,14,0,0,1,1.000,0.000,0.067,203,13.53,13.53,2,2
Swordsman,Ranger,Counterattack,7,2,3,1,1,0.429,0.143,0.143,12,1.71,4.00,1,2
Swordsman,Rogue,Regular,9,6,0,2,1,0.778,0.222,0.111,124,13.78,17.71,1,1
Swordsman,Rogue,Counterattack,10,8,1,1,0,0.800,0.100,0.000,32,3.20,4.00,0,2
Swordsman,Scout,Regular,9,6,0,2,1,0.778,0.222,0.111,120,13.33,17.14,1,1
Swordsman,Scout,Counterattack,9,5,1,2,1,0.667,0.222,0.111,32,3.56,5.33,0,1
Swordsman,Skeleton Archer,Regular,10,8,0,1,1,0.900,0.100,0.100,201,20.10,22.33,8,2
Swordsman,Skeleton Archer,Counterattack,9,2,3,2,2,0.444,0.222,0.222,48,5.33,12.00,0,1
Swordsman,Sorcerer,Regular,13,8,0,1,4,0.923,0.077,0.308,240,18.46,20.00,0,3
Swordsman,Spearman,Regular,16,13,0,2,1,0.875,0.125,0.062,107,6.69,7.64,0,4
Swordsman,Spearman,Counterattack,19,14,2,2,1,0.789,0.105,0.053,17,0.89,1.13,0,5
Swordsman,Swordsman,Regular,20,11,0,2,7,0.900,0.100,0.350,282,14.10,15.67,5,4
Swordsman,Swordsman,Counterattack,15,7,4,2,2,0.600,0.133,0.133,17,1.13,1.89,0,4
Swordsman,Warlock,Regular,9,5,0,0,4,1.000,0.000,0.444,219,24.33,24.33,9,1
Swordsman,Warlock,Counterattack,10,6,3,1,0,0.600,0.100,0.000,42,4.20,7.00,0,2
Swordsman,Warrior,Regular,60,43,0,6,11,0.900,0.100,0.183,436,7.27,8.07,2,8
Swordsman,Warrior,Counterattack,37,21,11,1,4,0.676,0.027,0.108,25,0.68,1.00,0,8
Swordsman,Wizard,Regular,6,5,0,1,0,0.833,0.167,0.000,80,13.33,16.00,1,1
Swordsman,Wizard,Counterattack,9,6,1,0,2,0.889,0.000,0.222,42,4.67,5.25,2,2
Warlock,Archer,Regular,1,1,0,0,0,1.000,0.000,0.000,39,39.00,39.00,1,1
Warlock,Crossbowman,Regular,1,1,0,0,0,1.000,0.000,0.000,39,39.00,39.00,1,1
Warlock,Fighter,Regular,6,5,0,0,1,1.000,0.000,0.167,253,42.17,42.17,2,5
Warlock,Fighter,Counterattack,2,1,1,0,0,0.500,0.000,0.000,19,9.50,19.00,0,2
Warlock,Knight,Regular,5,2,0,1,2,0.800,0.200,0.400,194,38.80,48.50,2,5
Warlock,Knight,Counterattack,2,2,0,0,0,1.000,0.000,0.000,38,19.00,19.00,0,2
Warlock,Mage,Regular,1,1,0,0,0,1.000,0.000,0.000,33,33.00,33.00,0,1
Warlock,Marksman,Regular,1,0,0,1,0,0.000,1.000,0.000,0,0.00,0.00,0,1
Warlock,Ogre,Regular,3,3,0,0,0,1.000,0.000,0.000,117,39.00,39.00,0,1
Warlock,Orc Warrior,Regular,11,8,0,2,1,0.818,0.182,0.091,199,18.09,22.11,3,3
Warlock,Orc Warrior,Counterattack,6,3,3,0,0,0.500,0.000,0.000,31,5.17,10.33,0,2
Warlock,Paladin,Counterattack,1,0,1,0,0,0.000,0.000,0.000,0,0.00,0.00,0,1
Warlock,Warrior,Regular,1,0,0,1,0,0.000,1.000,0.000,0,0.00,0.00,0,1
Warrior,Archer,Regular,19,12,0,2,5,0.895,0.105,0.263,383,20.16,22.53,9,6
Warrior,Archer,Counterattack,12,5,5,2,0,0.417,0.167,0.000,35,2.92,7.00,0,4
Warrior,Assassin,Regular,11,8,0,2,1,0.818,0.182,0.091,174,15.82,19.33,1,3
Warrior,Assassin,Counterattack,10,9,0,1,0,0.900,0.100,0.000,54,5.40,6.00,0,2
Warrior,Battle Mage,Regular,18,14,0,2,2,0.889,0.111,0.111,216,12.00,13.50,8,1
Warrior,Battle Mage,Counterattack,15,11,2,2,0,0.733,0.133,0.000,11,0.73,1.00,0,1
Warrior,Cleric,Regular,8,8,0,0,0,1.000,0.000,0.000,112,14.00,14.00,3,1
Warrior,Cleric,Counterattack,9,6,1,1,1,0.778,0.111,0.111,20,2.22,2.86,1,2
Warrior,Crossbowman,Regular,19,13,0,4,2,0.789,0.211,0.105,204,10.74,13.60,7,3
Warrior,Crossbowman,Counterattack,16,11,4,0,1,0.750,0.000,0.062,17,1.06,1.42,0,2
Warrior,Fighter,Regular,29,25,0,2,2,0.931,0.069,0.069,159,5.48,5.89,1,5
Warrior,Fighter,Counterattack,35,19,9,4,3,0.629,0.114,0.086,22,0.63,1.00,0,6
Warrior,Goblin Raider,Regular,9,6,0,1,2,0.889,0.111,0.222,176,19.56,22.00,8,1
Warrior,Goblin Raider,Counterattack,9,4,3,0,2,0.667,0.000,0.222,54,6.00,9.00,0,1
Warrior,Knight,Regular,66,52,0,7,7,0.894,0.106,0.106,143,2.17,2.42,0,8
Warrior,Knight,Counterattack,56,32,11,5,8,0.714,0.089,0.143,40,0.71,1.00,0,6
Warrior,Mage,Regular,2,2,0,0,0,1.000,0.000,0.000,26,13.00,13.00,0,2
Warrior,Mage,Counterattack,1,1,0,0,0,1.000,0.000,0.000,1,1.00,1.00,1,1
Warrior,Marksman,Regular,13,8,0,2,3,0.846,0.154,0.231,245,18.85,22.27,5,4
Warrior,Marksman,Counterattack,10,4,3,2,1,0.500,0.200,0.100,41,4.10,8.20,0,2
Warrior,Ogre,Regular,15,10,0,1,4,0.933,0.067,0.267,42,2.80,3.00,0,1
Warrior,Ogre,Counterattack,15,13,1,0,1,0.933,0.000,0.067,14,0.93,1.00,0,1
Warrior,Orc Warrior,Regular,9,8,0,1,0,0.889,0.111,0.000,32,3.56,4.00,0,2
Warrior,Orc Warrior,Counterattack,8,6,1,0,1,0.875,0.000,0.125,7,0.88,1.00,0,1
Warrior,Paladin,Regular,56,44,0,6,6,0.893,0.107,0.107,222,3.96,4.44,4,5
Warrior,Paladin,Counterattack,59,43,11,3,2,0.763,0.051,0.034,45,0.76,1.00,0,5
Warrior,Priest,Regular,3,1,0,0,2,1.000,0.000,0.667,75,25.00,25.00,0,1
Warrior,Ranger,Regular,15,13,0,1,1,0.933,0.067,0.067,208,13.87,14.86,4,3
Warrior,Ranger,Counterattack,10,6,2,2,0,0.600,0.200,0.000,12,1.20,2.00,0,3
Warrior,Rogue,Regular,9,8,0,1,0,0.889,0.111,0.000,128,14.22,16.00,0,1
Warrior,Rogue,Counterattack,10,5,2,1,2,0.700,0.100,0.200,40,4.00,5.71,0,2
Warrior,Scout,Regular,9,8,0,1,0,0.889,0.111,0.000,136,15.11,17.00,3,1
Warrior,Scout,Counterattack,9,6,2,0,1,0.778,0.000,0.111,41,4.56,5.86,0,1
Warrior,Skeleton Archer,Regular,5,4,0,0,1,1.000,0.000,0.200,117,23.40,23.40,5,3
Warrior,Skeleton Archer,Counterattack,4,4,0,0,0,1.000,0.000,0.000,36,9.00,9.00,0,2
Warrior,Sorcerer,Regular,4,2,0,0,2,1.000,0.000,0.500,88,22.00,22.00,0,2
Warrior,Spearman,Regular,4,4,0,0,0,1.000,0.000,0.000,36,9.00,9.00,0,1
Warrior,Spearman,Counterattack,4,2,2,0,0,0.500,0.000,0.000,2,0.50,1.00,0,1
Warrior,Swordsman,Regular,13,10,0,1,2,0.923,0.077,0.154,156,12.00,13.00,1,5
Warrior,Swordsman,Counterattack,6,4,0,2,0,0.667,0.333,0.000,4,0.67,1.00,0,3
Warrior,Warlock,Regular,13,11,0,1,1,0.923,0.077,0.077,240,18.46,20.00,10,3
Warrior,Warlock,Counterattack,12,8,2,1,1,0.750,0.083,0.083,69,5.75,7.67,0,4
Warrior,Warrior,Regular,7,6,0,0,1,1.000,0.000,0.143,61,8.71,8.71,2,3
Warrior,Warrior,Counterattack,3,1,1,1,0,0.333,0.333,0.000,1,0.33,1.00,0,2
Warrior,Wizard,Regular,15,11,0,1,3,0.933,0.067,0.200,260,17.33,18.57,6,5
Warrior,Wizard,Counterattack,13,10,0,2,1,0.846,0.154,0.077,50,3.85,4.55,1,4
Wizard,Archer,Regular,9,5,0,3,1,0.667,0.333,0.111,292,32.44,48.67,6,3
Wizard,Archer,Counterattack,6,4,1,1,0,0.667,0.167,0.000,88,14.67,22.00,0,1
Wizard,Assassin,Regular,5,4,0,0,1,1.000,0.000,0.200,247,49.40,49.40,5,4
Wizard,Assassin,Counterattack,2,1,0,0,1,1.000,0.000,0.500,55,27.50,27.50,0,1
Wizard,Battle Mage,Regular,6,5,0,1,0,0.833,0.167,0.000,184,30.67,36.80,0,1
Wizard,Cleric,Regular,4,4,0,0,0,1.000,0.000,0.000,148,37.00,37.00,4,2
Wizard,Cleric,Counterattack,3,3,0,0,0,1.000,0.000,0.000,44,14.67,14.67,0,2
Wizard,Crossbowman,Regular,9,9,0,0,0,1.000,0.000,0.000,405,45.00,45.00,9,3
Wizard,Crossbowman,Counterattack,2,0,1,0,1,0.500,0.000,0.500,33,16.50,33.00,0,1
Wizard,Fighter,Regular,17,13,0,0,4,1.000,0.000,0.235,800,47.06,47.06,9,7
Wizard,Fighter,Counterattack,3,3,0,0,0,1.000,0.000,0.000,39,13.00,13.00,0,1
Wizard,Goblin Raider,Regular,13,8,0,3,2,0.769,0.231,0.154,494,38.00,49.40,10,6
Wizard,Goblin Raider,Counterattack,36,18,11,2,5,0.639,0.056,0.139,561,15.58,24.39,11,6
Wizard,Knight,Regular,17,14,0,1,2,0.941,0.059,0.118,701,41.24,43.81,7,6
Wizard,Knight,Counterattack,4,4,0,0,0,1.000,0.000,0.000,88,22.00,22.00,0,2
Wizard,Mage,Regular,9,7,0,1,1,0.889,0.111,0.111,315,35.00,39.38,1,2
Wizard,Marksman,Regular,6,5,0,0,1,1.000,0.000,0.167,292,48.67,48.67,6,1
Wizard,Marksman,Counterattack,2,0,2,0,0,0.000,0.000,0.000,0,0.00,0.00,0,1
Wizard,Ogre,Regular,3,2,0,1,0,0.667,0.333,0.000,90,30.00,45.00,0,1
Wizard,Orc Warrior,Regular,7,6,0,0,1,1.000,0.000,0.143,274,39.14,39.14,3,3
Wizard,Orc Warrior,Counterattack,7,5,0,2,0,0.714,0.286,0.000,100,14.29,20.00,1,3
Wizard,Paladin,Regular,15,13,0,1,1,0.933,0.067,0.067,534,35.60,38.14,5,7
Wizard,Paladin,Counterattack,1,1,0,0,0,1.000,0.000,0.000,18,18.00,18.00,1,1
Wizard,Ranger,Regular,6,3,0,2,1,0.667,0.333,0.167,170,28.33,42.50,4,1
Wizard,Ranger,Counterattack,6,1,4,1,0,0.167,0.167,0.000,17,2.83,17.00,0,1
Wizard,Rogue,Regular,4,2,0,2,0,0.500,0.500,0.000,90,22.50,45.00,2,2
Wizard,Rogue,Counterattack,6,3,1,2,0,0.500,0.333,0.000,66,11.00,22.00,0,1
Wizard,Scout,Regular,4,2,0,1,1,0.750,0.250,0.250,157,39.25,52.33,3,2
Wizard,Scout,Counterattack,6,4,1,1,0,0.667,0.167,0.000,85,14.17,21.25,0,1
Wizard,Skeleton Archer,Regular,3,2,0,0,1,1.000,0.000,0.333,154,51.33,51.33,3,2
Wizard,Skeleton Archer,Counterattack,11,7,1,1,2,0.818,0.091,0.182,211,19.18,23.44,2,2
Wizard,Sorcerer,Regular,3,3,0,0,0,1.000,0.000,0.000,114,38.00,38.00,0,2
Wizard,Spearman,Regular,4,3,0,0,1,1.000,0.000,0.250,167,41.75,41.75,1,2
Wizard,Spearman,Counterattack,1,0,1,0,0,0.000,0.000,0.000,0,0.00,0.00,0,1
Wizard,Swordsman,Regular,14,13,0,0,1,1.000,0.000,0.071,652,46.57,46.57,14,5
Wizard,Warlock,Regular,8,6,0,0,2,1.000,0.000,0.250,356,44.50,44.50,8,2
Wizard,Warlock,Counterattack,2,1,0,0,1,1.000,0.000,0.500,43,21.50,21.50,0,1
Wizard,Warrior,Regular,21,18,0,2,1,0.905,0.095,0.048,760,36.19,40.00,13,8
Wizard,Warrior,Counterattack,8,7,1,0,0,0.875,0.000,0.000,144,18.00,20.57,0,4
Wizard,Wizard,Regular,4,3,0,1,0,0.750,0.250,0.000,114,28.50,38.00,3,2
Wizard,Wizard,Counterattack,1,1,0,0,0,1.000,0.000,0.000,15,15.00,15.00,0,1
